"column_label","X[[i]]"
"1","abdelal01"
"1","abdulza01"
"1","abdulka01"
"1","abdulma02"
"1","abdulta01"
"1","abdursh01"
"1","abernto01"
"1","ablefo01"
"1","abramjo01"
"1","abrinal01"
"1","achiupr01"
"1","ackeral01"
"1","ackerdo01"
"1","acresma01"
"1","actonbu01"
"1","acyqu01"
"1","adamsal01"
"1","adamsdo01"
"1","adamsge01"
"1","adamsha01"
"1","adamsja01"
"1","adamsjo01"
"1","adamsmi01"
"1","adamsst01"
"1","addisra01"
"1","adebaba01"
"1","adelde01"
"1","adelmri01"
"1","adrieje01"
"1","afflaar01"
"1","agbajoc01"
"1","agerma01"
"1","aguirma01"
"1","ahearbl01"
"1","aingeda01"
"1","aitchma01"
"1","ajincal01"
"1","akinhe01"
"1","akognjo01"
"1","akoonde01"
"1","alabiso01"
"1","alarima01"
"1","alcorga01"
"1","aldamsa01"
"1","aldemfu01"
"1","aldrico01"
"1","aldrila01"
"1","aleksch01"
"1","alexacl01"
"1","alexaco01"
"1","alexaco02"
"1","alexaga01"
"1","alexajo01"
"1","alexaky01"
"1","alexaty01"
"1","alexavi01"
"1","alexani01"
"1","alforst01"
"1","alkinra01"
"1","allenbi01"
"1","allenbo01"
"1","allengr01"
"1","allenja01"
"1","allenje01"
"1","allenka01"
"1","allenla01"
"1","allenlu01"
"1","allenma01"
"1","allenra01"
"1","allenra02"
"1","allento01"
"1","allenwi01"
"1","allisod01"
"1","allrela01"
"1","allumda01"
"1","almonmo01"
"1","alstode01"
"1","alstora01"
"1","alumape01"
"1","alvarjo01"
"1","amaecjo01"
"1","amayaas01"
"1","aminual01"
"1","amundlo01"
"1","anderbo01"
"1","anderch01"
"1","anderda03"
"1","anderal01"
"1","anderan01"
"1","anderan02"
"1","andercl01"
"1","anderda01"
"1","anderda02"
"1","anderde01"
"1","anderdw01"
"1","anderer01"
"1","andergr01"
"1","anderjj01"
"1","anderja01"
"1","anderje01"
"1","anderju01"
"1","anderke01"
"1","anderki01"
"1","anderky01"
"1","andermi01"
"1","anderni01"
"1","anderri01"
"1","anderro01"
"1","anderry01"
"1","andersh01"
"1","anderwi01"
"1","anderwa01"
"1","andrima01"
"1","anieldo01"
"1","anigbik01"
"1","anslemi01"
"1","anstech01"
"1","antetgi01"
"1","antetko01"
"1","antetth01"
"1","anthoca01"
"1","anthoco01"
"1","anthogr01"
"1","anthojo01"
"1","anticpe01"
"1","anunoog01"
"1","applike01"
"1","araujra01"
"1","arcenst01"
"1","archiro01"
"1","architi01"
"1","arcidry01"
"1","ardji01"
"1","arenagi01"
"1","arizatr01"
"1","arizipa01"
"1","arlaujo01"
"1","armstbj01"
"1","armstbo01"
"1","armstbr01"
"1","armstcu01"
"1","armstda01"
"1","armsthi01"
"1","armstta01"
"1","arnelje01"
"1","arnetja01"
"1","arnzebo01"
"1","arroyca01"
"1","arthuda01"
"1","arthujo01"
"1","artisja01"
"1","asikom01"
"1","askewvi01"
"1","askinke01"
"1","asmondo01"
"1","athadi01"
"1","atkinch01"
"1","attleal01"
"1","aubucch01"
"1","augmost01"
"1","augusdj01"
"1","augusja01"
"1","austiis01"
"1","austijo01"
"1","austike01"
"1","avdijde01"
"1","aventan01"
"1","averibi01"
"1","averywi01"
"1","awtrede01"
"1","ayayijo01"
"1","ayongu01"
"1","pendeje02"
"1","aytonde01"
"1","azubuke01"
"1","azubuud01"
"2","babbch01"
"2","babbilu01"
"2","babicmi01"
"2","bachjo01"
"2","bacondw01"
"2","baconhe01"
"2","baechji01"
"2","bagarda01"
"2","baglejo01"
"2","baglema01"
"2","baileca01"
"2","bailegu01"
"2","baileja01"
"2","baileth01"
"2","baileto01"
"2","bairsca01"
"2","bakerji01"
"2","bakerla01"
"2","bakerma01"
"2","bakerno01"
"2","bakerro01"
"2","bakervi01"
"2","baldwpa01"
"2","baldwwa01"
"2","balkmre01"
"2","ballce01"
"2","ballla01"
"2","balllo01"
"2","ballagr01"
"2","baltihe01"
"2","bambamo01"
"2","banchpa01"
"2","banede01"
"2","banksge01"
"2","banksma01"
"2","bankswa01"
"2","bannike01"
"2","bantomi01"
"2","bantoda01"
"2","barbeca01"
"2","barbejo01"
"2","barbole01"
"2","bardost01"
"2","bareajo01"
"2","bargnan01"
"2","barkecl01"
"2","barketo01"
"2","barklch01"
"2","barkler01"
"2","barksdo01"
"2","barlodo01"
"2","barneha02"
"2","barneha01"
"2","barneji01"
"2","barnema01"
"2","barnema02"
"2","barnesc01"
"2","barnedi01"
"2","barneji02"
"2","barnena01"
"2","barnhjo01"
"2","barnhno01"
"2","barnhle01"
"2","barrjo01"
"2","barrmi01"
"2","barrmo01"
"2","barrean01"
"2","barreer01"
"2","barremi01"
"2","barrerj01"
"2","barroea01"
"2","barroda01"
"2","barrybr01"
"2","barrydr01"
"2","barryjo01"
"2","barryri01"
"2","barteed01"
"2","bartovi01"
"2","bartowi01"
"2","basdeed01"
"2","baskeje01"
"2","bassbr01"
"2","basspa01"
"2","basseti01"
"2","bassech01"
"2","bastoma01"
"2","bateeme01"
"2","batesbi01"
"2","bateske01"
"2","batises01"
"2","batismi01"
"2","battito01"
"2","battish01"
"2","battljo01"
"2","battlke01"
"2","battoda01"
"2","battsll01"
"2","batumni01"
"2","baumjo01"
"2","baumhfr01"
"2","baxtelo01"
"2","bayleje01"
"2","bayloel01"
"2","bayneho01"
"2","baynear01"
"2","bazarse01"
"2","bazemke01"
"2","bazleda01"
"2","beached01"
"2","bealbr01"
"2","beardal01"
"2","beardbu01"
"2","beardra01"
"2","beaslch01"
"2","beaslje01"
"2","beasljo01"
"2","beaslma01"
"2","beaslmi01"
"2","beatyze01"
"2","beaubro01"
"2","beaucma01"
"2","beckby01"
"2","beckco01"
"2","becker01"
"2","beckear01"
"2","beckemo01"
"2","bedelbo01"
"2","bedfowi01"
"2","beendha01"
"2","behagro01"
"2","behnkel01"
"2","belinma01"
"2","bellch01"
"2","bellde01"
"2","belljo01"
"2","bellra01"
"2","belltr01"
"2","bellwh01"
"2","bellawa01"
"2","bembrde01"
"2","bemorir01"
"2","benbole01"
"2","bendedr01"
"2","bendejo01"
"2","benimje01"
"2","benjabe01"
"2","benjaco01"
"2","bennean01"
"2","benneel01"
"2","bennema01"
"2","benneme01"
"2","bennesp01"
"2","benneto01"
"2","bennewi01"
"2","benoida01"
"2","bensoke02"
"2","bensoke01"
"2","bentibe01"
"2","bercege01"
"2","bergega01"
"2","berghla01"
"2","berryri01"
"2","berrywa01"
"2","bertada02"
"2","bertada01"
"2","beshode01"
"2","besttr01"
"2","beverpa01"
"2","beysa01"
"2","beyty01"
"2","bhullsi01"
"2","bialowe01"
"2","biancal01"
"2","biasaha01"
"2","bibbyhe01"
"2","bibbymi01"
"2","biedeed01"
"2","biedran01"
"2","bielkdo01"
"2","bigelbo01"
"2","billili01"
"2","billuch01"
"2","bingda01"
"2","biniojo01"
"2","birchkh01"
"2","birdja01"
"2","birdje01"
"2","birdla01"
"2","birdsot01"
"2","bishoga01"
"2","bitadgo01"
"2","biyombi01"
"2","bjeline01"
"2","blabuw01"
"2","blackch01"
"2","blackno01"
"2","blackta01"
"2","blackto01"
"2","blackro01"
"2","blackal01"
"2","blackco01"
"2","blackja01"
"2","blackna01"
"2","blairde01"
"2","blakest01"
"2","blakean01"
"2","blalowi01"
"2","blanege01"
"2","blankla01"
"2","blantri01"
"2","blatcan01"
"2","blaylmo01"
"2","bledser01"
"2","blevike01"
"2","blevile01"
"2","blockjo01"
"2","bloommi01"
"2","blossja01"
"2","blounco01"
"2","blounma01"
"2","blueva01"
"2","blumera01"
"2","bobbne01"
"2","bobbito01"
"2","bockhbu01"
"2","boehebu01"
"2","boerwto01"
"2","boganke01"
"2","bogdabo01"
"2","bogdabo02"
"2","boguemu01"
"2","bogutan01"
"2","bohanet01"
"2","bolbo01"
"2","bolma01"
"2","boldejo01"
"2","boldema01"
"2","bolgebi01"
"2","bolmale01"
"2","bolomjo01"
"2","bolstdo01"
"2","bonsage01"
"2","bondph01"
"2","bondwa01"
"2","bonejo01"
"2","boneyde01"
"2","bongais01"
"2","bonharo01"
"2","bonnean01"
"2","bonnema01"
"2","bookebu01"
"2","bookede01"
"2","bookeme01"
"2","booketr01"
"2","boonejo01"
"2","boonero01"
"2","boothca01"
"2","boothke01"
"2","boozebo01"
"2","boozeca01"
"2","borchcu01"
"2","bornhja01"
"2","borrela01"
"2","borsaik01"
"2","borylvi01"
"2","boshch01"
"2","bostiji01"
"2","bostobr01"
"2","bostola01"
"2","bosweto01"
"2","bouchch01"
"2","bouknja01"
"2","boumtru01"
"2","bouyeja01"
"2","bovendo01"
"2","bowdlca01"
"2","bowenbr02"
"2","bowenbr01"
"2","bowenry01"
"2","bowento01"
"2","bowiean01"
"2","bowiesa01"
"2","bowlior01"
"2","bowmair01"
"2","bowmaky01"
"2","bowmana01"
"2","boycedo01"
"2","boydde01"
"2","boydfr01"
"2","boydke01"
"2","boykiea01"
"2","boykoha01"
"2","boynewi01"
"2","bozemce01"
"2","bracest01"
"2","brackcr01"
"2","braddga01"
"2","bradlal02"
"2","bradlal01"
"2","bradlav01"
"2","bradlbi02"
"2","bradlbi01"
"2","bradlch01"
"2","bradldu01"
"2","bradlji01"
"2","bradljo01"
"2","bradlmi01"
"2","bradlsh01"
"2","bradlto01"
"2","bradtma01"
"2","braggma01"
"2","braggto01"
"2","bramlaj01"
"2","brancad01"
"2","brandel01"
"2","brandte01"
"2","branhma01"
"2","brannbo01"
"2","bransbr01"
"2","bransje01"
"2","brantja01"
"2","brascji01"
"2","bratzmi01"
"2","braunca01"
"2","braunch01"
"2","brazdig01"
"2","breauti01"
"2","bremejr01"
"2","brennpe01"
"2","brennto01"
"2","breuera01"
"2","breweco01"
"2","breweja01"
"2","breweji01"
"2","brewero01"
"2","brewero02"
"2","brezepr01"
"2","brianfr01"
"2","brickfr01"
"2","bridgju01"
"2","bridgbi01"
"2","bridgmi01"
"2","bridgmi02"
"2","brighal01"
"2","brimaam01"
"2","brindau01"
"2","briscis01"
"2","briskjo01"
"2","brissos01"
"2","bristal01"
"2","brittty01"
"2","brittwa01"
"2","brittmi01"
"2","brittda01"
"2","brockjo01"
"2","broekry01"
"2","brogaji01"
"2","brogdma01"
"2","brokaga01"
"2","brookpr01"
"2","brookcl01"
"2","brookaa01"
"2","brookar01"
"2","brookdi01"
"2","brookke01"
"2","brookma01"
"2","brookmi01"
"2","brooksc01"
"2","brownan01"
"2","brownan02"
"2","brownbo01"
"2","brownbo02"
"2","brownbr01"
"2","brownch02"
"2","brownch05"
"2","brownch01"
"2","brownda02"
"2","brownda01"
"2","brownde01"
"2","brownde03"
"2","brownde04"
"2","brownde02"
"2","browner01"
"2","brownfr01"
"2","brownge01"
"2","brownge02"
"2","browngr01"
"2","brownha01"
"2","brownja01"
"2","brownja02"
"2","brownjo01"
"2","brownke01"
"2","brownke03"
"2","brownkw01"
"2","brownla01"
"2","brownle01"
"2","brownle02"
"2","brownlo01"
"2","brownma01"
"2","brownma02"
"2","brownmi01"
"2","brownmo01"
"2","brownmy01"
"2","brownpj01"
"2","brownra02"
"2","brownra01"
"2","brownri01"
"2","brownro01"
"2","brownro02"
"2","brownsh01"
"2","brownst01"
"2","brownst02"
"2","brownti01"
"2","brownto01"
"2","browntr01"
"2","brownji01"
"2","brundst01"
"2","brunkbr01"
"2","brunsge01"
"2","brunsja01"
"2","brunsri01"
"2","brussni01"
"2","bryanel01"
"2","bryanem01"
"2","bryanjo01"
"2","bryanko01"
"2","bryanma01"
"2","bryanth01"
"2","bryanwa01"
"2","brynto01"
"2","buccige01"
"2","buchash01"
"2","buckhjo01"
"2","bucknst01"
"2","buckncl01"
"2","buckngr01"
"2","bucknqu01"
"2","buddda01"
"2","budinch01"
"2","budkowa01"
"2","buechju01"
"2","buforro01"
"2","bullama01"
"2","bullore01"
"2","buncela01"
"2","bunchgr01"
"2","buntdi01"
"2","buntibi01"
"2","buntibi02"
"2","burdeti01"
"2","burkepa01"
"2","burketr01"
"2","burkmro01"
"2","burksal01"
"2","burksan01"
"2","burleke01"
"2","burleto01"
"2","burmaja01"
"2","burnsda01"
"2","burnsev01"
"2","burnsji01"
"2","burresc01"
"2","burriar01"
"2","burroju01"
"2","burrobo01"
"2","burtode02"
"2","burtoed01"
"2","burtowi01"
"2","burttst01"
"2","busedo01"
"2","bustida01"
"2","butchdo01"
"2","butleal01"
"2","butleca01"
"2","butlegr01"
"2","butleja01"
"2","butleja02"
"2","butleji01"
"2","butlejo01"
"2","butlemi01"
"2","butlemi02"
"2","butlera01"
"2","buyckdw01"
"2","byarsde01"
"2","bynuman01"
"2","bynumwi01"
"2","byrdwa01"
"2","byrnema01"
"2","byrneto01"
"2","bytzumi01"
"3","cabarza01"
"3","cableba01"
"3","cabocbr01"
"3","cacokde01"
"3","caffeja01"
"3","cagemi01"
"3","cainja01"
"3","calabge01"
"3","calatni01"
"3","caldejo01"
"3","caldwad01"
"3","caldwji01"
"3","caldwjo01"
"3","caldwke01"
"3","calhobi01"
"3","calhoco01"
"3","calipde01"
"3","callato01"
"3","callori01"
"3","calveer01"
"3","calvima01"
"3","cambrde01"
"3","cambyma01"
"3","campafa01"
"3","campbel01"
"3","campbto01"
"3","canaais01"
"3","cancavl01"
"3","cannade01"
"3","cannola01"
"3","capelca01"
"3","caracde01"
"3","cardfr01"
"3","cardibr01"
"3","careyve01"
"3","carlho01"
"3","carlich01"
"3","carlige01"
"3","carliri01"
"3","carlodo01"
"3","carlsal01"
"3","carlsdo01"
"3","carnebo01"
"3","carnero01"
"3","carpebo01"
"3","carran01"
"3","carrau01"
"3","carrch01"
"3","carrco01"
"3","carrke01"
"3","carrml01"
"3","carrida01"
"3","carribo01"
"3","carrode01"
"3","carrojo01"
"3","carroma01"
"3","carruji01"
"3","cartean01"
"3","cartebu01"
"3","cartefr01"
"3","cartege01"
"3","carteho01"
"3","carteja01"
"3","carteje01"
"3","cartema01"
"3","cartere01"
"3","cartero01"
"3","cartevi01"
"3","cartewe01"
"3","cartemi01"
"3","cartwbi01"
"3","cartyja01"
"3","carusal01"
"3","cashco01"
"3","cashsa01"
"3","cassesa01"
"3","casspom01"
"3","catchha01"
"3","catlete01"
"3","catlesi01"
"3","catoke01"
"3","cattabo01"
"3","caulewi01"
"3","caupatr01"
"3","causwdu01"
"3","cavanty01"
"3","cavenro01"
"3","caverah01"
"3","cebalce01"
"3","celesjo01"
"3","cervial01"
"3","chalmli01"
"3","chalmma01"
"3","chambbi01"
"3","chambwi01"
"3","chambje01"
"3","chambto01"
"3","champju02"
"3","champju01"
"3","champmi01"
"3","chandke01"
"3","chandty01"
"3","chandwi01"
"3","chanedo01"
"3","chanejo01"
"3","chapmre01"
"3","chapmwa01"
"3","chapple01"
"3","charlke01"
"3","charllo01"
"3","chealjo01"
"3","cheanca01"
"3","cheatzy01"
"3","cheekma01"
"3","cheniph01"
"3","cherrwi01"
"3","chievde01"
"3","chilcpe01"
"3","childjo01"
"3","childra01"
"3","childch01"
"3","chiozch01"
"3","chollle01"
"3","choneji01"
"3","chrisma01"
"3","chrisfr01"
"3","chrisca01"
"3","chrisbo01"
"3","chrisdo01"
"3","chrisma02"
"3","chrisdi01"
"3","chrisra01"
"3","chrisse01"
"3","chrisjo01"
"3","chrispa01"
"3","chubist01"
"3","churcro01"
"3","clarkar01"
"3","clarkca01"
"3","clarkri01"
"3","clarkea01"
"3","clarkga01"
"3","clarkia01"
"3","clarkke01"
"3","clarkbr01"
"3","clarkco01"
"3","clarkjo01"
"3","clavegi01"
"3","clavevi01"
"3","clawsjo01"
"3","claxtch01"
"3","claxtni01"
"3","claxtsp01"
"3","cleamji01"
"3","cleavma01"
"3","clemeba01"
"3","clemoch01"
"3","clevean01"
"3","cliftna01"
"3","clossbi01"
"3","closske01"
"3","cloydpa01"
"3","cluggbo01"
"3","clydebe01"
"3","coffeam01"
"3","cofferi01"
"3","cofiefr01"
"3","cokerjo01"
"3","coleno01"
"3","colembe01"
"3","colemde01"
"3","colemec01"
"3","colemja01"
"3","colemno01"
"3","colesbi01"
"3","collija02"
"3","colliar01"
"3","collido02"
"3","collido01"
"3","collija01"
"3","collija03"
"3","collija04"
"3","colliji01"
"3","collijo01"
"3","collima01"
"3","collish01"
"3","colliza01"
"3","colliky01"
"3","collida01"
"3","collini01"
"3","colonjo01"
"3","colsobo01"
"3","colsose01"
"3","coltest01"
"3","comanch01"
"3","combsgl01"
"3","combsle01"
"3","comeajo01"
"3","comegda01"
"3","comlela01"
"3","congdje01"
"3","conlege01"
"3","conlela01"
"3","conlemi01"
"3","conlied01"
"3","conloma01"
"3","connapa01"
"3","conneji01"
"3","connele01"
"3","connoch01"
"3","conrowi01"
"3","cookan01"
"3","cookbe01"
"3","cookbo01"
"3","cookbr01"
"3","cookda02"
"3","cookda01"
"3","cookje01"
"3","cookno01"
"3","cookom01"
"3","cookqu01"
"3","cookty01"
"3","cookech01"
"3","cookeda01"
"3","cookejo01"
"3","cooksxa01"
"3","cooleja01"
"3","coopech01"
"3","coopedu01"
"3","coopejo01"
"3","coopemi01"
"3","coopesh01"
"3","coopewa01"
"3","copato01"
"3","copelch01"
"3","copelho01"
"3","copella01"
"3","corbity01"
"3","corchch01"
"3","corleke01"
"3","corlera01"
"3","cornepe01"
"3","corzida01"
"3","costela01"
"3","costema01"
"3","cottobr01"
"3","cottoja01"
"3","cottoja02"
"3","coughjo01"
"3","countme01"
"3","courtst01"
"3","courtjo01"
"3","cousima01"
"3","couside01"
"3","cousybo01"
"3","covinro01"
"3","cowenda01"
"3","coxch01"
"3","coxjo01"
"3","coxwe01"
"3","crabbal01"
"3","craigto01"
"3","crawfch01"
"3","crawffr01"
"3","crawfja01"
"3","crawfjo01"
"3","crawfjo02"
"3","creekmi01"
"3","creigji01"
"3","creviro01"
"3","crislha01"
"3","crispjo01"
"3","crissch01"
"3","critcru01"
"3","critewi01"
"3","crittja01"
"3","crockdi01"
"3","croftbo01"
"3","crompge01"
"3","crosbte01"
"3","croshau01"
"3","crossje01"
"3","crosspe01"
"3","crossru01"
"3","crossch01"
"3","crottjo01"
"3","crowbi01"
"3","crowma01"
"3","crowdco01"
"3","crowdja01"
"3","cuetoal01"
"3","culveja01"
"3","cumbeja01"
"3","cummipa01"
"3","cummite01"
"3","cummivo01"
"3","cunnibi01"
"3","cunnica01"
"3","cunnida01"
"3","cunnidi01"
"3","cunnija01"
"3","cunniwi01"
"3","curcira01"
"3","curear01"
"3","curetea01"
"3","curlebi01"
"3","currafr01"
"3","curryde01"
"3","curryed01"
"3","curryja01"
"3","currymi01"
"3","curryse01"
"3","curryst01"
"3","cvetkra01"
"4","dantomi01"
"4","dabicmi01"
"4","dahleed01"
"4","dailequ01"
"4","dalemsa01"
"4","dallmho01"
"4","dampier01"
"4","dampilo01"
"4","dandrbo01"
"4","daniean01"
"4","daniedy01"
"4","danieer01"
"4","daniell01"
"4","daniema01"
"4","danieme01"
"4","danietr01"
"4","danilsa01"
"4","dantlad01"
"4","darcepe01"
"4","dardeji01"
"4","dardeol01"
"4","dareyi01"
"4","darkje01"
"4","darlina01"
"4","darneri01"
"4","darroji01"
"4","datomlu01"
"4","daughbr01"
"4","daughma01"
"4","davidko01"
"4","davidje01"
"4","daviebo01"
"4","daviebr01"
"4","davisan02"
"4","davisan01"
"4","davisau01"
"4","davisba01"
"4","davisbe01"
"4","davisbi01"
"4","davisbo01"
"4","davisbr01"
"4","davisbr02"
"4","davisch02"
"4","davisch01"
"4","davisda01"
"4","davisde01"
"4","davisdw01"
"4","davised01"
"4","davisem01"
"4","davisgl01"
"4","davisha01"
"4","davishu01"
"4","davisji01"
"4","davisjo01"
"4","davisjo06"
"4","davisjo02"
"4","davisle01"
"4","davisma01"
"4","davisma02"
"4","davisme01"
"4","davismi02"
"4","davismi01"
"4","davismi03"
"4","davismo01"
"4","davispa01"
"4","davisra01"
"4","davisre01"
"4","davisri01"
"4","davisro01"
"4","daviste02"
"4","daviste01"
"4","davisty01"
"4","daviswa01"
"4","daviswa03"
"4","daviswa02"
"4","daviswi01"
"4","davisjd01"
"4","dawkian01"
"4","dawkida01"
"4","dawkijo01"
"4","dawkipa01"
"4","dawsobr01"
"4","dawsoer01"
"4","dawsoji01"
"4","dawsoto01"
"4","dayto01"
"4","dayeau01"
"4","dayeda01"
"4","daysda01"
"4","decolna01"
"4","deangbi01"
"4","debusda01"
"4","declean01"
"4","delauja01"
"4","delonna01"
"4","deprejo01"
"4","derozde01"
"4","dezonha01"
"4","deanegr01"
"4","deckga01"
"4","dedmode01"
"4","deedo01"
"4","deesar01"
"4","deherte01"
"4","dehnere01"
"4","dejeabr01"
"4","dekkesa01"
"4","delnevi01"
"4","delanma01"
"4","delebi01"
"4","delfica01"
"4","delgaan01"
"4","delkto01"
"4","dellama01"
"4","dembofe01"
"4","demicla01"
"4","dempsde01"
"4","dempsge01"
"4","denglu01"
"4","dennake01"
"4","dennibl01"
"4","dentmju01"
"4","dentora01"
"4","derliro01"
"4","derrima01"
"4","deutsda01"
"4","devlico01"
"4","digreer01"
"4","divindo01"
"4","diabamo01"
"4","diakima01"
"4","dialde01"
"4","diallch01"
"4","diallha01"
"4","diawbo01"
"4","diawaya01"
"4","diazgu01"
"4","dickada01"
"4","dickeka01"
"4","dickehe01"
"4","dickemi01"
"4","dickecl01"
"4","dickede01"
"4","dickedi01"
"4","dicksjo01"
"4","dienetr01"
"4","dienggo01"
"4","diengou01"
"4","dierkco01"
"4","dietrco01"
"4","dillcr01"
"4","dilladw01"
"4","dillami01"
"4","dillebo01"
"4","dilloho01"
"4","dinkiby01"
"4","dinkija01"
"4","dinneha01"
"4","dinwibi01"
"4","dinwisp01"
"4","dioguik01"
"4","diopde01"
"4","dischte01"
"4","diutefr01"
"4","divacvl01"
"4","dixonju01"
"4","doddea01"
"4","doleami01"
"4","dolhojo01"
"4","dollbo01"
"4","donalja01"
"4","doncilu01"
"4","donhabo01"
"4","donovbi01"
"4","donovha01"
"4","doolike01"
"4","djordal01"
"4","dorseja01"
"4","dorsejo01"
"4","dorsero01"
"4","dorsety01"
"4","dortlu01"
"4","dosunay01"
"4","dotsoda01"
"4","dotsode01"
"4","doubyqu01"
"4","douglbr01"
"4","dougljo01"
"4","douglle01"
"4","douglsh01"
"4","douglto01"
"4","douglch01"
"4","doumbse01"
"4","doveso01"
"4","doverje01"
"4","dowdeza01"
"4","downebi01"
"4","downist01"
"4","dowtije01"
"4","doyleda01"
"4","doylemi01"
"4","doziepj01"
"4","doziete01"
"4","dragigo01"
"4","dragizo01"
"4","dreilgr01"
"4","drewbr01"
"4","drewjo01"
"4","drewla01"
"4","drewla02"
"4","drexlcl01"
"4","driggna01"
"4","driscte01"
"4","drobnpr01"
"4","drollra01"
"4","drumman01"
"4","duvalde01"
"4","duartch01"
"4","duckedi01"
"4","duckwke01"
"4","dudlech01"
"4","dudlech02"
"4","dudleja01"
"4","duerote01"
"4","duffybo01"
"4","duffybo02"
"4","duhonch01"
"4","dukandu01"
"4","dukeda01"
"4","dukeswa01"
"4","dumarjo01"
"4","dumasri01"
"4","dumasri02"
"4","dumasto01"
"4","duncaan01"
"4","duncati01"
"4","dunlemi01"
"4","dunlemi02"
"4","dunnkr01"
"4","dunnpa01"
"4","dunntr01"
"4","duprero01"
"4","duranke01"
"4","durenja01"
"4","durenjo01"
"4","durhaja01"
"4","durhapa01"
"4","durrade01"
"4","durreke01"
"4","duvaltr01"
"4","dwanja01"
"4","dykemcr01"
"4","dykerge01"
"4","dysonje01"
"5","eacklle01"
"5","eakinji01"
"5","earlac01"
"5","earleed01"
"5","earlycl01"
"5","earlype01"
"5","easonta01"
"5","eatonma01"
"5","eavesje01"
"5","ebankde01"
"5","ebbenbi01"
"5","eberhal01"
"5","ebind01"
"5","ebronro01"
"5","echenja01"
"5","eddieja01"
"5","eddiepa01"
"5","eddledi01"
"5","edelike01"
"5","edgech01"
"5","edmonbo01"
"5","edmonke01"
"5","edneyty01"
"5","edwaran01"
"5","edwarbi01"
"5","edwarbl01"
"5","edwarca01"
"5","edwarco01"
"5","edwardo01"
"5","edwarfr01"
"5","edwarja01"
"5","edwarja02"
"5","edwarjo01"
"5","edwarke02"
"5","edwarke01"
"5","edwarro01"
"5","edwarsh01"
"5","edwarvi01"
"5","eganjo01"
"5","egglelo01"
"5","ehlerbu01"
"5","ehlocr01"
"5","eichhdi01"
"5","eisleho01"
"5","ekeziob01"
"5","elamikh01"
"5","eliasdo01"
"5","eliema01"
"5","ellebcj01"
"5","ellefra01"
"5","ellenhe01"
"5","ellinwa01"
"5","elliobo01"
"5","elliose01"
"5","ellisbo02"
"5","ellisbo01"
"5","ellisda01"
"5","ellisha01"
"5","ellisjo01"
"5","elliske01"
"5","ellisla01"
"5","ellisle02"
"5","ellisle01"
"5","ellismo01"
"5","ellispe01"
"5","elmorle01"
"5","elsonfr01"
"5","elstoda01"
"5","elyme01"
"5","embiijo01"
"5","embrywa01"
"5","emmetan01"
"5","endrene01"
"5","englewa01"
"5","englech01"
"5","engliaj01"
"5","englial01"
"5","englicl01"
"5","englijo01"
"5","engliki01"
"5","englisc01"
"5","engluge01"
"5","ennisja01"
"5","ennisty01"
"5","eppsra01"
"5","erdense01"
"5","eriasbo01"
"5","erickke01"
"5","ervinju01"
"5","eschmev01"
"5","eskrija01"
"5","esposvi01"
"5","eubandr01"
"5","evansbi01"
"5","evansbo01"
"5","evansbr01"
"5","evansea01"
"5","evansja02"
"5","evansja01"
"5","evansje01"
"5","evansma01"
"5","evansmi01"
"5","evansre01"
"5","evansty01"
"5","ewingda01"
"5","ewingpa01"
"5","ewingpa02"
"5","exumda01"
"5","eyengch01"
"5","ezelife01"
"5","ezersjo01"
"6","fabeljo01"
"6","faircjo01"
"6","fallta01"
"6","farbmph01"
"6","farieke01"
"6","farledi01"
"6","farmajo01"
"6","farmede01"
"6","farmeji01"
"6","farmemi01"
"6","farmeto01"
"6","faughbo01"
"6","favervi01"
"6","favorde01"
"6","fazekni01"
"6","fedorda01"
"6","feeribo01"
"6","feherbu01"
"6","feickja01"
"6","feierro01"
"6","feigege01"
"6","feitlda01"
"6","feldeka01"
"6","feliccr01"
"6","felixca01"
"6","felixno01"
"6","felixra01"
"6","feltora01"
"6","fendlja01"
"6","fenlewa01"
"6","fergude01"
"6","fergute01"
"6","fernaru01"
"6","fernabr01"
"6","fernser01"
"6","ferraal01"
"6","ferrero01"
"6","ferredu01"
"6","ferreyo01"
"6","ferriar01"
"6","ferrybo01"
"6","ferryda01"
"6","fesenky01"
"6","fieldbo01"
"6","fieldke01"
"6","fieldla01"
"6","filipro01"
"6","fillmgr01"
"6","finchla01"
"6","finkeha01"
"6","finlemi01"
"6","finnda01"
"6","finnedo01"
"6","fishma01"
"6","fishede01"
"6","fisheri01"
"6","fitchge01"
"6","fittsma01"
"6","fitzgbo01"
"6","fitzgdi01"
"6","fizerma01"
"6","fleisje01"
"6","flemial01"
"6","flemied01"
"6","flemive01"
"6","florelu01"
"6","flowebr01"
"6","floydsl01"
"6","flynnjo01"
"6","flynnma01"
"6","flynnmi01"
"6","foglela01"
"6","foleyja01"
"6","fontais01"
"6","fontale01"
"6","fontesi01"
"6","footeje01"
"6","forbebr01"
"6","forbega01"
"6","fordal03"
"6","fordal01"
"6","fordal02"
"6","fordbo01"
"6","fordch01"
"6","forddo01"
"6","fordja01"
"6","fordph01"
"6","fordsh02"
"6","fordsh01"
"6","fordtj01"
"6","formado01"
"6","forreba01"
"6","forretr01"
"6","fortejo01"
"6","fortsco01"
"6","fortsda01"
"6","fostefr01"
"6","fostegr01"
"6","fosteje01"
"6","fosteja01"
"6","fostemi02"
"6","fostero01"
"6","fotsian01"
"6","fournev01"
"6","foustla01"
"6","fowleca01"
"6","fowleje01"
"6","fowlktr01"
"6","foxde01"
"6","foxha01"
"6","foxji01"
"6","foxri01"
"6","foyera01"
"6","foylead01"
"6","frahmri01"
"6","francst01"
"6","frankte01"
"6","frankna01"
"6","frankwi01"
"6","frankja01"
"6","frankro01"
"6","franzro01"
"6","frazime01"
"6","frazimi01"
"6","fraziti01"
"6","fraziwa01"
"6","fraziwi01"
"6","fredean01"
"6","fredeji01"
"6","freewo01"
"6","kanteen01"
"6","freeljo01"
"6","freemdo01"
"6","freemga01"
"6","freemro01"
"6","freijma01"
"6","freyfr01"
"6","frienla01"
"6","frinkpa01"
"6","fritsji01"
"6","fryech01"
"6","fryerbe01"
"6","fucarfr01"
"6","fuetshe01"
"6","fulksjo01"
"6","fulleca01"
"6","fullehi01"
"6","fulleto02"
"6","fulleto01"
"6","fultzma01"
"6","fundela01"
"6","furlote01"
"7","gaborbi01"
"7","gabriwe01"
"7","gadzuda01"
"7","gaffoda01"
"7","gaide01"
"7","gaineel01"
"7","gainebi01"
"7","gaineco01"
"7","gainere01"
"7","gaineda01"
"7","gainesu01"
"7","galemi01"
"7","gallach01"
"7","gallaha01"
"7","gillege01"
"7","gallida01"
"7","gallola01"
"7","gambeda01"
"7","gamblke01"
"7","ganttbo01"
"7","garbajo01"
"7","garceru01"
"7","garcial01"
"7","garcifr01"
"7","gardnch01"
"7","gardnea01"
"7","gardnke01"
"7","gardnth01"
"7","gardnve01"
"7","garfija01"
"7","garinpa01"
"7","garlada01"
"7","garlaga01"
"7","garlawi01"
"7","garmadi01"
"7","garnebi01"
"7","garnech01"
"7","garnebi02"
"7","garneke01"
"7","garnema01"
"7","garrebi01"
"7","garreca01"
"7","garrede01"
"7","garredi02"
"7","garredi01"
"7","garrema01"
"7","garrero01"
"7","garrito01"
"7","garrijo01"
"7","garriki01"
"7","garripa01"
"7","garubus01"
"7","garviji01"
"7","garzalu01"
"7","gasolma01"
"7","gasolpa01"
"7","gatesfr01"
"7","gatlich01"
"7","gattike01"
"7","gayru01"
"7","gaydaed01"
"7","gazean01"
"7","gbinimi01"
"7","gearyre01"
"7","geeal01"
"7","geigema01"
"7","gelabmi01"
"7","georgde01"
"7","georgja01"
"7","georgpa01"
"7","georgta01"
"7","georgma01"
"7","gerargu01"
"7","gervide01"
"7","gervige01"
"7","getchgo01"
"7","gianejo01"
"7","gibbsdi01"
"7","gibsoda01"
"7","gibsode01"
"7","gibsoho01"
"7","gibsojo01"
"7","gibsome01"
"7","gibsomi01"
"7","gibsota01"
"7","giddejr01"
"7","giddejo01"
"7","gildetr01"
"7","gilesha01"
"7","gilgesh01"
"7","gillan01"
"7","gilled01"
"7","gillke01"
"7","gillebe01"
"7","gillefr01"
"7","gilleja01"
"7","gilliar01"
"7","gillihe01"
"7","gilmoar01"
"7","gilmowa01"
"7","gilmuch01"
"7","gilyaja01"
"7","ginobma01"
"7","giricgo01"
"7","givenja01"
"7","gladnmi01"
"7","glamage01"
"7","glassge01"
"7","glennmi01"
"7","glickno01"
"7","gloucge01"
"7","glovecl01"
"7","glovedi01"
"7","glynian01"
"7","gminsmi01"
"7","goberru01"
"7","godfrda01"
"7","golato01"
"7","goldfbe01"
"7","goldwan01"
"7","gomesry01"
"7","gondrgl01"
"7","gondrgr01"
"7","goodedr01"
"7","goodrga01"
"7","goodrst01"
"7","goodwar01"
"7","goodwbr01"
"7","goodwjo01"
"7","goodwpo01"
"7","gordoaa01"
"7","gordobe01"
"7","gordodr01"
"7","gordoer01"
"7","gordola01"
"7","gordopa01"
"7","gortama01"
"7","gottlle01"
"7","goudean01"
"7","govange01"
"7","govedba01"
"7","grabojo01"
"7","graceri01"
"7","grahaca01"
"7","grahade01"
"7","grahagr01"
"7","grahajo01"
"7","grahama01"
"7","grahaor01"
"7","grahapa01"
"7","grahast01"
"7","grahatr01"
"7","grandji01"
"7","grandro01"
"7","grangda01"
"7","grangst01"
"7","grantbr01"
"7","grantbu01"
"7","grantga01"
"7","grantgr01"
"7","grantha01"
"7","grantho01"
"7","grantje01"
"7","grantje02"
"7","grantjo01"
"7","grantpa01"
"7","granttr01"
"7","grantdo01"
"7","gratedo01"
"7","gravebu01"
"7","graveha01"
"7","grayaa01"
"7","grayde01"
"7","grayed01"
"7","grayev01"
"7","grayga01"
"7","grayjo01"
"7","grayle01"
"7","grayra01"
"7","grayst01"
"7","graysy01"
"7","graywy01"
"7","grayeje01"
"7","greacbo01"
"7","greenac01"
"7","greenaj01"
"7","greenda02"
"7","greende01"
"7","greendr01"
"7","greener01"
"7","greenge01"
"7","greenja05"
"7","greenja01"
"7","greenja02"
"7","greenje02"
"7","greenjo01"
"7","greenjo02"
"7","greenke01"
"7","greenke02"
"7","greenla01"
"7","greenli01"
"7","greenlu01"
"7","greenmi01"
"7","greenri01"
"7","greense01"
"7","greensi01"
"7","greensi02"
"7","greenst01"
"7","greenta01"
"7","greento01"
"7","greenwi01"
"7","greendo01"
"7","greenor01"
"7","greenje01"
"7","greenda01"
"7","greerha01"
"7","greerly01"
"7","gregoga01"
"7","gregocl01"
"7","greigjo01"
"7","grekino01"
"7","greveke01"
"7","greyde01"
"7","griffad01"
"7","griffaj01"
"7","griffbl01"
"7","griffed01"
"7","griffgr01"
"7","griffpa01"
"7","griffta01"
"7","griffda01"
"7","grigsch01"
"7","grimequ01"
"7","grimmde01"
"7","grimswo01"
"7","groatdi01"
"7","grossbo01"
"7","grossmi01"
"7","groteje01"
"7","grozaal01"
"7","grubadi01"
"7","grundan01"
"7","grunfer01"
"7","guarige01"
"7","gudmupe01"
"7","gudurma01"
"7","gueriri01"
"7","guglito01"
"7","guibean01"
"7","guidija01"
"7","gunthco01"
"7","gunthda01"
"7","guokaal01"
"7","guokama01"
"7","guokama02"
"7","gutiejo01"
"7","guyky01"
"7","guytoaj01"
"8","hachiru01"
"8","hackeru01"
"8","haddaha01"
"8","hadnoji01"
"8","haffnsc01"
"8","hagancl01"
"8","hagangl01"
"8","haganto01"
"8","haganas01"
"8","hahnro01"
"8","hairsal01"
"8","hairsha01"
"8","hairsli01"
"8","hairsma01"
"8","hairspj02"
"8","haislma01"
"8","halbech01"
"8","halbrsw01"
"8","halebr01"
"8","haleha01"
"8","haleyja01"
"8","halibty01"
"8","halimsh01"
"8","hallde01"
"8","halldo01"
"8","halljo02"
"8","halljo01"
"8","hallmi01"
"8","hallty01"
"8","hallije01"
"8","hamda01"
"8","hamerst01"
"8","hamilda01"
"8","hamilda02"
"8","hamilde01"
"8","hamiljo01"
"8","hamiljo02"
"8","hamilju01"
"8","hamilra01"
"8","hamilri01"
"8","hamilro01"
"8","hamilst01"
"8","hamilta01"
"8","hamilth01"
"8","hamilze01"
"8","hammige01"
"8","hammoju01"
"8","hammoto01"
"8","hammoaj01"
"8","hamoojo01"
"8","hamptrj01"
"8","hancoda01"
"8","handlbe01"
"8","hankice01"
"8","hankiph01"
"8","hannadu01"
"8","hannual01"
"8","hanrado01"
"8","hansro01"
"8","hansbbe01"
"8","hansbty01"
"8","hansebo01"
"8","hansegl01"
"8","hansela01"
"8","hansetr01"
"8","hansore01"
"8","hanzlbi01"
"8","haranlu01"
"8","hardaan01"
"8","hardati01"
"8","hardati02"
"8","hardeja01"
"8","hardire01"
"8","hardnch01"
"8","hardyal01"
"8","hardyda01"
"8","hardyja02"
"8","hardyja01"
"8","hargeir01"
"8","hargijo01"
"8","harklma01"
"8","harknje01"
"8","harlisk01"
"8","harmoje01"
"8","harpede01"
"8","harpeja01"
"8","harpeju01"
"8","harpemi01"
"8","harpero01"
"8","harpero02"
"8","harprma01"
"8","harremo01"
"8","harrejo01"
"8","harriad01"
"8","harrial01"
"8","harriju01"
"8","harriot01"
"8","harriar01"
"8","harribe01"
"8","harribi01"
"8","harribo01"
"8","harrich01"
"8","harride01"
"8","harriel01"
"8","harriga01"
"8","harrija01"
"8","harrijo01"
"8","harrike01"
"8","harrilu01"
"8","harrima01"
"8","harrimi01"
"8","harrist01"
"8","harrite01"
"8","harrito02"
"8","harrito01"
"8","harriaa01"
"8","harrian01"
"8","harribo02"
"8","harrida01"
"8","harrish01"
"8","hartja01"
"8","hartjo01"
"8","harteis01"
"8","harvean01"
"8","harvedo01"
"8","haskisc01"
"8","haskicl01"
"8","hasleud01"
"8","hassetr01"
"8","hassebi01"
"8","hassejo01"
"8","hastisc01"
"8","hastoki01"
"8","hattove01"
"8","hausesa01"
"8","havlijo01"
"8","hawessp01"
"8","hawesst01"
"8","hawkiro01"
"8","hawkico01"
"8","hawkihe01"
"8","hawkiju01"
"8","hawkima01"
"8","hawkimi01"
"8","hawkito01"
"8","hawthna01"
"8","hayesch01"
"8","hayesel01"
"8","hayesja01"
"8","hayesja02"
"8","hayesji01"
"8","hayeski01"
"8","hayesni01"
"8","hayesst01"
"8","haywago01"
"8","haywala01"
"8","haywobr01"
"8","haywosp01"
"8","hazenjo01"
"8","abdulma01"
"8","headlu01"
"8","healsh01"
"8","heanebr01"
"8","heardga01"
"8","hearnre01"
"8","heddehe01"
"8","heggsal01"
"8","heinsto01"
"8","hemridi01"
"8","hendeal01"
"8","hendece01"
"8","hendece02"
"8","hendeda01"
"8","hendege01"
"8","hendege02"
"8","hendejr01"
"8","hendeje01"
"8","hendeke01"
"8","hendeto01"
"8","hendrma01"
"8","hennela01"
"8","henrido01"
"8","henryaa01"
"8","henryal01"
"8","henrybi01"
"8","henryca01"
"8","henryco01"
"8","henrymy01"
"8","henrysk01"
"8","henryxa01"
"8","hensojo01"
"8","hensost01"
"8","hentzch01"
"8","hermabi01"
"8","hermskl01"
"8","hernade01"
"8","hernaju01"
"8","hernawi01"
"8","herrech01"
"8","herreca01"
"8","herrmwa01"
"8","herroty01"
"8","herroke01"
"8","hertzso01"
"8","herveke01"
"8","hesteda01"
"8","hetzefr01"
"8","hewitbi01"
"8","hewsoja01"
"8","heymaar01"
"8","hezonma01"
"8","hibbero01"
"8","hickena01"
"8","hicksis01"
"8","hicksph01"
"8","hicksjj01"
"8","hieldbu01"
"8","higgibi01"
"8","higgico01"
"8","higgiea01"
"8","higgimi01"
"8","higgiro01"
"8","higgise01"
"8","higgske01"
"8","highjo01"
"8","highsha01"
"8","hightwa01"
"8","hilarne01"
"8","hillar01"
"8","hillcl01"
"8","hillga01"
"8","hillge01"
"8","hillgr01"
"8","hilljo01"
"8","hillma01"
"8","hillsi01"
"8","hillso01"
"8","hillst01"
"8","hillty01"
"8","hillhar01"
"8","hillida01"
"8","hillmda01"
"8","hiltofr01"
"8","hinriki01"
"8","hinsoro01"
"8","hintona01"
"8","hirscme01"
"8","hitchle01"
"8","hitero01"
"8","hoardja01"
"8","hobsoda01"
"8","hodgedo01"
"8","hodgeju01"
"8","hodgecr01"
"8","hoefech01"
"8","hoffmpa01"
"8","hogsebo01"
"8","hoguedu01"
"8","hoibefr01"
"8","holcodo01"
"8","holcora01"
"8","holidaa01"
"8","holidjr01"
"8","holidju01"
"8","hollabr01"
"8","hollajo01"
"8","hollajo02"
"8","hollawi01"
"8","hollili01"
"8","holliry01"
"8","hollies01"
"8","holliro01"
"8","holmade01"
"8","holmeri01"
"8","holstji01"
"8","holtaw01"
"8","holtomi01"
"8","holubdi01"
"8","holupjo01"
"8","holzmre01"
"8","honeyje01"
"8","honeyty01"
"8","hoodde01"
"8","hoodro01"
"8","hoopebo01"
"8","hooseca01"
"8","hooveto01"
"8","hopkibo01"
"8","hoppeda01"
"8","hopsode01"
"8","hopsosc01"
"8","horanjo01"
"8","hordgce01"
"8","horfoal01"
"8","horfoti01"
"8","hornro01"
"8","hornaje01"
"8","hornede01"
"8","horryro01"
"8","hortoed01"
"8","hortota01"
"8","hoskebi01"
"8","houbrbo01"
"8","houseda01"
"8","houseed01"
"8","houstca01"
"8","houstal01"
"8","houstby01"
"8","hovasto01"
"8","howarbr01"
"8","howardw01"
"8","howargr01"
"8","howarjo01"
"8","howarju01"
"8","howarma02"
"8","howarmo01"
"8","howarot01"
"8","howarst01"
"8","howarwi01"
"8","howelba01"
"8","hubbabo01"
"8","hubbaph01"
"8","hudgitr01"
"8","hudsole01"
"8","hudsolo01"
"8","hudsotr01"
"8","huertma01"
"8","huertke01"
"8","huestjo01"
"8","huffja01"
"8","huffmna01"
"8","hugheri01"
"8","hugheed01"
"8","hugheel01"
"8","hugheki01"
"8","hughela01"
"8","hugheri02"
"8","hummero01"
"8","hummejo01"
"8","humphry01"
"8","humphis01"
"8","humphja01"
"8","humphkr01"
"8","hundlho01"
"8","huntfe01"
"8","huntebr01"
"8","huntece01"
"8","huntech01"
"8","huntede01"
"8","huntele01"
"8","hunteli01"
"8","hunteot01"
"8","hunterj01"
"8","huntest01"
"8","huntevi01"
"8","hurlebo01"
"8","hurlero01"
"8","hustoge01"
"8","hustopa01"
"8","hutchme01"
"8","hutchch01"
"8","huttojo01"
"8","hydergr01"
"8","hylanbo01"
"9","iavarma01"
"9","ibakase01"
"9","iguodan01"
"9","ilgauzy01"
"9","ilicmi01"
"9","mbengdj01"
"9","ilyaser01"
"9","imhofda01"
"9","ingelto01"
"9","inglejo01"
"9","inglida01"
"9","ingraan01"
"9","ingrabr01"
"9","ingramc01"
"9","inniger01"
"9","irvinby01"
"9","irvinge01"
"9","irvinky01"
"9","isaacjo01"
"9","isselda01"
"9","iuzzomi01"
"9","iversal01"
"9","iverswi01"
"9","iveyja01"
"9","iveyro01"
"9","ivoryel01"
"9","iwundwe01"
"10","jabalwa01"
"10","jackja01"
"10","jacksaa01"
"10","jacksal01"
"10","jacksbo01"
"10","jacksce01"
"10","jacksda01"
"10","jacksde01"
"10","jacksfr01"
"10","jacksgr01"
"10","jacksis01"
"10","jacksja01"
"10","jacksja02"
"10","jacksje01"
"10","jacksji01"
"10","jacksjo02"
"10","jacksju01"
"10","jackslu01"
"10","jackslu02"
"10","jacksma02"
"10","jacksma01"
"10","jacksme01"
"10","jacksmi02"
"10","jacksmi01"
"10","jacksmy01"
"10","jacksph01"
"10","jackspi01"
"10","jacksqu01"
"10","jacksra01"
"10","jacksra02"
"10","jacksre01"
"10","jacksst01"
"10","jacksst02"
"10","jacksto01"
"10","jacksto02"
"10","jackstr01"
"10","jackswa01"
"10","jacobfr01"
"10","jacobca01"
"10","jacobsa01"
"10","jamerda01"
"10","jamesaa01"
"10","jamesbe01"
"10","jamesbi01"
"10","jamesda01"
"10","jamesge01"
"10","jameshe01"
"10","jamesje01"
"10","jamesju01"
"10","jamesle01"
"10","jamesmi01"
"10","jamesmi02"
"10","jamesti01"
"10","jamisan01"
"10","jamisha01"
"10","janisjo01"
"10","janotho01"
"10","jaricma01"
"10","jarosto01"
"10","jarrede01"
"10","jarviji01"
"10","jasiksa01"
"10","jawaina01"
"10","jeannbu01"
"10","jeelaab01"
"10","jeffech01"
"10","jeffeot01"
"10","jeffeal01"
"10","jeffeam01"
"10","jeffeco01"
"10","jeffedo01"
"10","jefferi01"
"10","jeffrda01"
"10","jeffrja01"
"10","jenkich01"
"10","jenkiho01"
"10","jenkijo01"
"10","jennibr01"
"10","jennike01"
"10","jentch01"
"10","jepsele01"
"10","jerebjo01"
"10","jeromty01"
"10","jerregr01"
"10","jetereu01"
"10","jeterha01"
"10","jianlyi01"
"10","joeis01"
"10","johnsbr01"
"10","johnsal01"
"10","johnsal02"
"10","johnsam01"
"10","johnsan01"
"10","johnsan02"
"10","johnsar02"
"10","johnsar01"
"10","johnsav01"
"10","johnsbj01"
"10","johnsbr02"
"10","johnsbu01"
"10","johnsca02"
"10","johnsca01"
"10","johnsch01"
"10","johnsch02"
"10","johnsch03"
"10","johnsch04"
"10","johnscl02"
"10","johnscl01"
"10","johnsda04"
"10","johnsda02"
"10","johnsda01"
"10","johnsda08"
"10","johnsde02"
"10","johnsde01"
"10","johnsde03"
"10","johnsed01"
"10","johnsed02"
"10","johnsed03"
"10","johnser01"
"10","johnser02"
"10","johnsfr01"
"10","johnsge01"
"10","johnsge02"
"10","johnsge03"
"10","johnsgu01"
"10","johnsha01"
"10","johnsiv01"
"10","johnsja02"
"10","johnsja05"
"10","johnsja01"
"10","johnsjo02"
"10","johnsjo01"
"10","johnska01"
"10","johnske04"
"10","johnske01"
"10","johnske03"
"10","johnske07"
"10","johnske02"
"10","johnsla01"
"10","johnsla02"
"10","johnsle01"
"10","johnsli01"
"10","johnsma02"
"10","johnsma01"
"10","johnsmi01"
"10","johnsne02"
"10","johnsni01"
"10","johnsol01"
"10","johnsom01"
"10","johnsor01"
"10","johnsra01"
"10","johnsre01"
"10","johnsri01"
"10","johnsro01"
"10","johnsst04"
"10","johnsst02"
"10","johnsst03"
"10","johnsst01"
"10","johnstr01"
"10","johnsty01"
"10","johnsvi01"
"10","johnswe01"
"10","johnsda03"
"10","johnsna01"
"10","johnsne01"
"10","johnsji01"
"10","jokicni01"
"10","jolifho01"
"10","jonesal01"
"10","jonesan01"
"10","jonesas01"
"10","jonesbi01"
"10","jonesbo01"
"10","jonesbo02"
"10","jonesca01"
"10","jonesca03"
"10","jonesch01"
"10","jonesch02"
"10","jonesch03"
"10","jonesco01"
"10","jonesda02"
"10","jonesda03"
"10","jonesda01"
"10","jonesde01"
"10","jonesde02"
"10","jonesdo02"
"10","jonesdo01"
"10","jonesdw02"
"10","jonesdw01"
"10","jonesea01"
"10","jonesed02"
"10","jonesed01"
"10","jonesfr01"
"10","joneshe01"
"10","joneshu01"
"10","jonesja01"
"10","jonesja04"
"10","jonesja02"
"10","jonesje01"
"10","jonesji01"
"10","jonesjo01"
"10","jonesju01"
"10","joneskc01"
"10","joneska01"
"10","joneske01"
"10","jonesla01"
"10","jonesma01"
"10","jonesma02"
"10","jonesma03"
"10","jonesma05"
"10","jonesni01"
"10","jonesoz01"
"10","jonespe01"
"10","jonespo01"
"10","jonesri01"
"10","jonesro01"
"10","jonessa01"
"10","jonessh01"
"10","jonesso01"
"10","jonesst01"
"10","joneste01"
"10","jonestr01"
"10","jonesty01"
"10","joneswa01"
"10","joneswa02"
"10","joneswi02"
"10","joneswi01"
"10","jordaad01"
"10","jordach01"
"10","jordade01"
"10","jordaed01"
"10","jordaje01"
"10","jordami01"
"10","jordare01"
"10","jordath01"
"10","jordawa01"
"10","jordoph01"
"10","jorgejo01"
"10","jorgeno01"
"10","jorgero01"
"10","josepco01"
"10","josepga01"
"10","josepkr01"
"10","josepyv01"
"10","jovicni01"
"10","joyceke01"
"10","joynebu01"
"10","judkije01"
"10","juzanjo01"
"11","kabenmf01"
"11","kachawh01"
"11","kaftage01"
"11","kalafed01"
"11","kalaige01"
"11","kamanch01"
"11","kaminfr01"
"11","kaplora01"
"11","kaponja01"
"11","kappeto01"
"11","karasse01"
"11","karlco01"
"11","karlge01"
"11","kasided01"
"11","kasunma01"
"11","katkale01"
"11","kauffbo01"
"11","kaunsa01"
"11","kautzwi01"
"11","keacl01"
"11","kearnmi01"
"11","kearnto01"
"11","keefead01"
"11","keeliha01"
"11","keelstr01"
"11","kellebi01"
"11","kellega01"
"11","kelleke01"
"11","kelleri01"
"11","kellocl01"
"11","kellyar01"
"11","kellyje01"
"11","kellyry01"
"11","kellyto01"
"11","kelsegr01"
"11","kelsobe01"
"11","kempsh01"
"11","kemptti01"
"11","kendrfr01"
"11","kennalu01"
"11","kennedj01"
"11","kennego01"
"11","kennejo01"
"11","kennepi01"
"11","kenonla01"
"11","kenvibi01"
"11","kernejo01"
"11","kerrre01"
"11","kerrst01"
"11","kerrija01"
"11","kerseje01"
"11","kerwito01"
"11","kesslal01"
"11","kesslwa01"
"11","ketnela01"
"11","keybr01"
"11","keyeju01"
"11","keysra01"
"11","khryavi01"
"11","kiddja01"
"11","kiddst01"
"11","kiddwa01"
"11","kiddgmi01"
"11","kiffiir01"
"11","kileyja01"
"11","killuea01"
"11","kilpaca01"
"11","kilpase01"
"11","kimbato01"
"11","kimblbo01"
"11","kimbrst01"
"11","kinchch01"
"11","kingal01"
"11","kingbe01"
"11","kingch01"
"11","kingda01"
"11","kingfr01"
"11","kingge01"
"11","kingge03"
"11","kingge02"
"11","kingji01"
"11","kingji02"
"11","kinglo02"
"11","kinglo01"
"11","kingma01"
"11","kingre01"
"11","kingri01"
"11","kingro01"
"11","kingst01"
"11","kingto01"
"11","kinnebo01"
"11","kinseta01"
"11","kirilan01"
"11","kirkal01"
"11","kirkwa01"
"11","kirklwi01"
"11","kispeco01"
"11","kissaji01"
"11","kistldo01"
"11","kitchcu01"
"11","kitegr01"
"11","kittlke01"
"11","klebima01"
"11","kleinjo01"
"11","kleizli01"
"11","klierle01"
"11","klotzhe01"
"11","kluehdu01"
"11","kluttlo01"
"11","knighbi01"
"11","knighbo01"
"11","knighbr02"
"11","knighbr03"
"11","knighbr01"
"11","knighna01"
"11","knighne01"
"11","knighro01"
"11","knighto01"
"11","knightr01"
"11","knorele01"
"11","knostdi01"
"11","knowlro01"
"11","knoxke01"
"11","kofoeba01"
"11","kojisdo01"
"11","kolokch01"
"11","komenmi01"
"11","komivho01"
"11","koncajo01"
"11","konchjo01"
"11","kondlto01"
"11","koperbu01"
"11","kopicjo01"
"11","korkmfu01"
"11","kornefr01"
"11","kornelu01"
"11","korolya01"
"11","korveky01"
"11","koskito01"
"11","kosmale01"
"11","kostean01"
"11","kottmha01"
"11","koufoko01"
"11","kozelto01"
"11","kozliro01"
"11","kramear01"
"11","krameba01"
"11","kramejo01"
"11","kramest01"
"11","krausda01"
"11","krauthe01"
"11","kravtvi01"
"11","krebsji01"
"11","krejcvi01"
"11","kreklwa01"
"11","kronto01"
"11","kroppto01"
"11","krstine01"
"11","krystla01"
"11","kuberst01"
"11","kubiale01"
"11","kuczebr01"
"11","kudelfr01"
"11","kuestjo01"
"11","kukara01"
"11","kukocto01"
"11","kulboar01"
"11","kuminjo01"
"11","kunneke01"
"11","kunzete01"
"11","kupchmi01"
"11","kupeccj01"
"11","kurucro01"
"11","kurzro01"
"11","kutluib01"
"11","kuzmaky01"
"11","kuzmiog01"
"11","kuzmimi01"
"12","lacoufr01"
"12","lafrera01"
"12","lagarto01"
"12","laravja01"
"12","larueru01"
"12","larusru01"
"12","lavinza01"
"12","labissk01"
"12","lacefre01"
"12","laceyed01"
"12","laceysa01"
"12","lackebo01"
"12","ladnewe01"
"12","laettch01"
"12","lafayol01"
"12","laimbbi01"
"12","lalicpe01"
"12","lamarbo01"
"12","lamban01"
"12","lambdo01"
"12","lambje01"
"12","lambejo01"
"12","lampje01"
"12","lampema01"
"12","lamplji01"
"12","lamplse01"
"12","landajo01"
"12","landrca01"
"12","landrma01"
"12","landsma01"
"12","laneje01"
"12","langan01"
"12","langan02"
"12","langja01"
"12","langdtr01"
"12","langfke01"
"12","langfro01"
"12","langhda01"
"12","laniebo01"
"12","lantzst01"
"12","laproni01"
"12","laresyo01"
"12","larkish01"
"12","laskojo01"
"12","lasmest01"
"12","lattida01"
"12","laudepr01"
"12","laureri01"
"12","lauriha01"
"12","lautewa01"
"12","lauvejo01"
"12","lavelto01"
"12","lavoybo01"
"12","lawac01"
"12","lawvi01"
"12","lawalga01"
"12","lawreed01"
"12","lawsoaj01"
"12","lawsoja01"
"12","lawsoty01"
"12","laymaja01"
"12","laytomo01"
"12","leverca01"
"12","leaftj01"
"12","leaksma01"
"12","learha01"
"12","leaveal01"
"12","leboje01"
"12","leckner01"
"12","lecquja01"
"12","ledori01"
"12","leebu01"
"12","leecl01"
"12","leeco01"
"12","leeda03"
"12","leeda01"
"12","leeda02"
"12","leedi01"
"12","leedo01"
"12","leege01"
"12","leegr01"
"12","leeke01"
"12","leeku01"
"12","leema01"
"12","leero02"
"12","leero01"
"12","leeru01"
"12","leesa01"
"12","leedeed01"
"12","lefkoha01"
"12","legleti01"
"12","lehmage01"
"12","leiboba01"
"12","lemonwa01"
"12","lenal01"
"12","lenarvo01"
"12","lentzle01"
"12","leonaga01"
"12","leonaka01"
"12","leoname01"
"12","leonasl01"
"12","lesji01"
"12","leslitr01"
"12","lestero01"
"12","lettcl01"
"12","leuerjo01"
"12","levanan01"
"12","leverfa01"
"12","levincl01"
"12","lewisbo01"
"12","lewisce01"
"12","lewisfr01"
"12","lewisfr02"
"12","lewisgr01"
"12","lewiski01"
"12","lewisma01"
"12","lewismi01"
"12","lewisqu01"
"12","lewisra01"
"12","lewisra02"
"12","lewisre01"
"12","lewissc01"
"12","liberma01"
"12","lichtto01"
"12","liggide01"
"12","ligonbi01"
"12","ligongo01"
"12","lillada01"
"12","linje01"
"12","lingest01"
"12","listeal01"
"12","littlna01"
"12","littlsa01"
"12","littlge01"
"12","liveris01"
"12","livinra01"
"12","livinsh01"
"12","livinro01"
"12","llamaho01"
"12","lloydbo01"
"12","lloydch01"
"12","lloydea01"
"12","lloydle01"
"12","lloydsc01"
"12","lochmri01"
"12","lochmbo01"
"12","lockro01"
"12","lockhda01"
"12","lockhia01"
"12","loderke01"
"12","lofgrdo01"
"12","loftoke01"
"12","loftoza01"
"12","loganhe01"
"12","loganjo01"
"12","lohaubr01"
"12","longar01"
"12","longgr01"
"12","longjo01"
"12","longpa01"
"12","longsh01"
"12","longwi01"
"12","longllu01"
"12","looneke01"
"12","lopezbr01"
"12","lopezfe01"
"12","lopezra01"
"12","lopezro01"
"12","lorthry01"
"12","loscuji01"
"12","lottpl01"
"12","loughke01"
"12","louzama01"
"12","lovebo01"
"12","loveke01"
"12","lovest01"
"12","lovelcl01"
"12","lowesi01"
"12","lowerch01"
"12","lowryky01"
"12","loydjo01"
"12","lucasal01"
"12","lucasje01"
"12","lucasjo01"
"12","lucaska01"
"12","lucasma01"
"12","lucasjo02"
"12","luckete01"
"12","luety01"
"12","luisiji01"
"12","lujacal01"
"12","lumpkph01"
"12","lumppra01"
"12","lundbga01"
"12","luwawti01"
"12","lydonty01"
"12","lylestr01"
"12","lynamrb01"
"12","lynchge01"
"12","lynchke01"
"12","lynnlo01"
"12","lynnmi01"
"13","mcclesh01"
"13","maccuto01"
"13","macgiro01"
"13","macledo01"
"13","macalmi01"
"13","macaued01"
"13","machasc01"
"13","macijar01"
"13","mackol01"
"13","macksa01"
"13","macksh01"
"13","mackema01"
"13","macklru01"
"13","macklve01"
"13","macknjo01"
"13","maconda01"
"13","maconma01"
"13","macurjp01"
"13","macyky01"
"13","maddoja01"
"13","maddoti01"
"13","madkige01"
"13","madsema01"
"13","magerno01"
"13","magetjo01"
"13","maggeco01"
"13","magleda01"
"13","magloja01"
"13","magnawi01"
"13","mahafra01"
"13","mahinia01"
"13","mahnkjo01"
"13","mahonbr01"
"13","mahonmo01"
"13","mahorri01"
"13","majerda01"
"13","majorre01"
"13","makerth01"
"13","malamli01"
"13","maledth01"
"13","malonje01"
"13","malonka01"
"13","malonmo01"
"13","malonma01"
"13","malovst01"
"13","maloymi01"
"13","mamuksa01"
"13","manakte01"
"13","mandijo01"
"13","maneka01"
"13","mangifr01"
"13","mannte01"
"13","manntr01"
"13","mannida01"
"13","mannied01"
"13","mannigu01"
"13","manniri01"
"13","mannini01"
"13","mannipa01"
"13","mantini01"
"13","maravpe01"
"13","maravpr01"
"13","marblde01"
"13","marblro01"
"13","marbust01"
"13","marcisa01"
"13","mariasa01"
"13","marinja01"
"13","mariosh01"
"13","marjabo01"
"13","markkla01"
"13","markoda01"
"13","marksse01"
"13","marlaha01"
"13","marshji01"
"13","marshri01"
"13","marshdo02"
"13","marshdo01"
"13","marshke01"
"13","marshna01"
"13","marshra01"
"13","marshto01"
"13","marshve01"
"13","martibi01"
"13","martibo01"
"13","martibr01"
"13","martica02"
"13","martica01"
"13","martico01"
"13","marticu01"
"13","martida01"
"13","martidi01"
"13","martido01"
"13","martife01"
"13","martija01"
"13","martije01"
"13","martije02"
"13","martike03"
"13","martike01"
"13","martike04"
"13","martike02"
"13","martila01"
"13","martima01"
"13","martiph01"
"13","martisl01"
"13","martity01"
"13","martiwh01"
"13","mashbja01"
"13","masinal01"
"13","masonan01"
"13","masonde01"
"13","masonfr01"
"13","masonro01"
"13","masseto01"
"13","masted01"
"13","matenya01"
"13","mathega01"
"13","mathima01"
"13","mathida01"
"13","mathijo01"
"13","mathube01"
"13","matthwe01"
"13","matthwe02"
"13","maughar01"
"13","maxeyma01"
"13","maxeyty01"
"13","maxieja01"
"13","maxwece01"
"13","maxweve01"
"13","maydo01"
"13","maysc01"
"13","mayse01"
"13","maybele01"
"13","mayescl01"
"13","mayesth01"
"13","mayfibi01"
"13","mayfike01"
"13","maynoer01"
"13","mayooj01"
"13","mayssk01"
"13","maystr01"
"13","mazzama01"
"13","mbahalu01"
"13","mcadobo01"
"13","mcadoja01"
"13","mcbrike01"
"13","mcbrimi01"
"13","mccalta01"
"13","mccalra01"
"13","mccanbo01"
"13","mccanbr01"
"13","mccanme01"
"13","mccanra01"
"13","mccarmi01"
"13","mccaran01"
"13","mccarwi01"
"13","mccarjo01"
"13","mccarho01"
"13","mccarke01"
"13","mccarwa01"
"13","mccasam01"
"13","mccawpa01"
"13","mccladw01"
"13","mcclate01"
"13","mcclida01"
"13","mccloja01"
"13","mccloge01"
"13","mccluma01"
"13","mccolcj01"
"13","mcconjo01"
"13","mcconbu01"
"13","mccontj01"
"13","mccorke01"
"13","mccorti01"
"13","mccoyje01"
"13","mccrapa01"
"13","mccrach01"
"13","mccraro01"
"13","mccrasc01"
"13","mccreer01"
"13","mcculch01"
"13","mcculjo01"
"13","mcdancl01"
"13","mcdanxa01"
"13","mcdanja02"
"13","mcdanja01"
"13","mcdanji01"
"13","mcdankj01"
"13","mcderdo01"
"13","mcderse01"
"13","mcdonbe01"
"13","mcdongl01"
"13","mcdonmi01"
"13","mcdonro01"
"13","mcdowha01"
"13","mcdyean01"
"13","mcelrji01"
"13","mcfarpa01"
"13","mcfariv01"
"13","mcgahme01"
"13","mcgarmi01"
"13","mcgeeja01"
"13","mcgeemi01"
"13","mcgilbi01"
"13","mcginge01"
"13","mcglojo01"
"13","mcgowbr01"
"13","mcgratr01"
"13","mcgregi01"
"13","mcgrica01"
"13","mcgriel01"
"13","mcgruro01"
"13","mcguial01"
"13","mcguial02"
"13","mcguidi01"
"13","mcguido01"
"13","mchalke01"
"13","mcharma01"
"13","mcilvji01"
"13","mcinnje01"
"13","mcintke01"
"13","mcintbo01"
"13","mckeeje01"
"13","mckenke01"
"13","mckenfo01"
"13","mckenst01"
"13","mckeyde01"
"13","mckieaa01"
"13","mckinbi01"
"13","mckinbo01"
"13","mckinca01"
"13","mckintr01"
"13","mckinal01"
"13","mclauja01"
"13","mclaujo01"
"13","mclembe01"
"13","mclemmc01"
"13","mcleoge01"
"13","mcleoke01"
"13","mcleoro01"
"13","mcmahja01"
"13","mcmilna01"
"13","mcmilto01"
"13","mcmilji01"
"13","mcmilsh01"
"13","mcmulma01"
"13","mcnabch01"
"13","mcnamma01"
"13","mcnamjo01"
"13","mcneaje01"
"13","mcneach01"
"13","mcneibo01"
"13","mcneila01"
"13","mcnulca01"
"13","mcphepa01"
"13","mcpipro01"
"13","mcqueco01"
"13","mcraejo01"
"13","mcreyth01"
"13","mcrobjo01"
"13","mcwiler01"
"13","mearnge01"
"13","medvest01"
"13","meeda01"
"13","meeksjo01"
"13","meelycl01"
"13","meentsc01"
"13","mehendi01"
"13","meinemo01"
"13","meinhca01"
"13","mejrisa01"
"13","mekelga01"
"13","melchbi01"
"13","melchga01"
"13","mellini01"
"13","melofa01"
"13","meltode01"
"13","melvied01"
"13","meminde01"
"13","mencech01"
"13","mengejo01"
"13","menkeke01"
"13","mensapo01"
"13","menyade01"
"13","mercero01"
"13","meriwjo01"
"13","meriwpo01"
"13","merrisa01"
"13","meschto01"
"13","metuch01"
"13","meyerbi01"
"13","meyerlo01"
"13","meyerda01"
"13","miasest01"
"13","michela01"
"13","mickejo01"
"13","middlkh01"
"13","mihalre01"
"13","mihmch01"
"13","mikaer01"
"13","mikaned01"
"13","mikange01"
"13","mikanla01"
"13","mikkeve01"
"13","miksial01"
"13","milesaa01"
"13","milescj01"
"13","milesda01"
"13","milesed01"
"13","milicma01"
"13","milicda01"
"13","militna01"
"13","millean02"
"13","millean01"
"13","millebi01"
"13","millebo01"
"13","millebr01"
"13","milleda01"
"13","milledi01"
"13","milleed01"
"13","milleha01"
"13","milleja01"
"13","millela01"
"13","millema01"
"13","millemi01"
"13","milleol01"
"13","millequ01"
"13","millere01"
"13","millewa01"
"13","millsch01"
"13","millsjo01"
"13","millspa02"
"13","millste01"
"13","millsel01"
"13","millspa01"
"13","miltosh01"
"13","minayju01"
"13","minerha01"
"13","mingya01"
"13","minnidi01"
"13","minorda01"
"13","minorgr01"
"13","minorma01"
"13","minotjo01"
"13","mirotni01"
"13","misakwa01"
"13","miskija01"
"13","mitchda01"
"13","mitchdo01"
"13","mitchle01"
"13","mitchmi01"
"13","mitchmu01"
"13","mitchsa01"
"13","mitchto01"
"13","mitchto03"
"13","mitchto02"
"13","mitrona01"
"13","mixst01"
"13","mlkvybi01"
"13","moblecu01"
"13","mobleer01"
"13","mobleev01"
"13","mobleis01"
"13","moedo01"
"13","moffela01"
"13","mogusle01"
"13","mohamna01"
"13","moisoje01"
"13","mokespa01"
"13","mokokad01"
"13","molinja01"
"13","moliswa01"
"13","moncrsi01"
"13","monekch01"
"13","moneyer01"
"13","moniase01"
"13","monkma01"
"13","monroea01"
"13","monrogr01"
"13","monroro01"
"13","montelu01"
"13","montgho01"
"13","montrer01"
"13","moodymo01"
"13","moonja01"
"13","moonxa01"
"13","mooneji01"
"13","moonema01"
"13","moorean01"
"13","moorebe01"
"13","mooreet01"
"13","moorege01"
"13","mooreja01"
"13","moorejo01"
"13","moorela01"
"13","moorelo01"
"13","mooremi01"
"13","mooreot01"
"13","mooreri01"
"13","moorero01"
"13","mooretr01"
"13","moorewe01"
"13","moranja01"
"13","moreler01"
"13","morelja01"
"13","morgagu01"
"13","morgaju01"
"13","morgare01"
"13","morgeel01"
"13","mornida01"
"13","morrich01"
"13","morrida01"
"13","morriis01"
"13","morrija01"
"13","morrima03"
"13","morrima02"
"13","morrima01"
"13","morrimo01"
"13","morrira01"
"13","morrite01"
"13","morriad01"
"13","morrijo01"
"13","morrimi01"
"13","morrire01"
"13","morroan01"
"13","mortodw01"
"13","mortojo01"
"13","mortori01"
"13","moslegl01"
"13","mosspe01"
"13","motenla01"
"13","motiedo01"
"13","motlejo01"
"13","mottoha01"
"13","moultar01"
"13","mountri01"
"13","mournal01"
"13","mozgoti01"
"13","mrazoch01"
"13","mudiaem01"
"13","mueller01"
"13","muhamsh01"
"13","muldemy01"
"13","mullajo01"
"13","mullebo01"
"13","mulleby01"
"13","mullich01"
"13","mullije01"
"13","mundtto01"
"13","munfoxa02"
"13","munkch01"
"13","munroge01"
"13","murdoer01"
"13","muresgh01"
"13","murkead01"
"13","murphal01"
"13","murphca01"
"13","murphdi01"
"13","murpher01"
"13","murphja01"
"13","murphjo01"
"13","murphke01"
"13","murphro01"
"13","murphto01"
"13","murphtr02"
"13","murphtr01"
"13","murrade01"
"13","murraja01"
"13","murrake02"
"13","murrake01"
"13","murrala01"
"13","murraro01"
"13","murratr01"
"13","murrewi01"
"13","murredo01"
"13","murryto01"
"13","musadz01"
"13","muscami01"
"13","musian01"
"13","mustaje01"
"13","mutomdi01"
"13","muursma01"
"13","myerspe01"
"13","mykhasv01"
"14","ndiayha01"
"14","ndiayma01"
"14","ndiayma02"
"14","ndongbo01"
"14","naberbo01"
"14","nachabo01"
"14","nachbbo01"
"14","naderab01"
"14","nagelje01"
"14","nagyfr01"
"14","nailole01"
"14","najered01"
"14","nancela01"
"14","nancela02"
"14","napiesh01"
"14","napolpa01"
"14","nashbo01"
"14","nashco01"
"14","nashst01"
"14","natersw01"
"14","nathaho01"
"14","nattca01"
"14","nattke01"
"14","naullwi01"
"14","navarju01"
"14","ndourma01"
"14","nealcr01"
"14","nealga01"
"14","nealji01"
"14","nealll01"
"14","nealyed01"
"14","nedovne01"
"14","negraal01"
"14","nelsoba01"
"14","nelsode01"
"14","nelsodo01"
"14","nelsoja01"
"14","nelsolo01"
"14","nelsoro01"
"14","nembhan01"
"14","nembhrj01"
"14","nembhru01"
"14","nemeldi01"
"14","nesbyty01"
"14","nesmiaa01"
"14","nesslma01"
"14","nestera01"
"14","netora01"
"14","netolbo01"
"14","neumajo01"
"14","neumapa01"
"14","nevitch01"
"14","newbeme01"
"14","newbiiv01"
"14","newblir01"
"14","newlimi01"
"14","newmajo01"
"14","newmama01"
"14","newmada01"
"14","newtobi01"
"14","niangge01"
"14","nichode01"
"14","nichoja01"
"14","nichoan01"
"14","nickega01"
"14","nicksca01"
"14","niemari01"
"14","niemiri01"
"14","nilesmi01"
"14","nimphku01"
"14","nixda01"
"14","nixdy01"
"14","nixonno01"
"14","nnajize01"
"14","noahjo01"
"14","noblech01"
"14","nocioan01"
"14","noelda01"
"14","noelne01"
"14","noelpa01"
"14","noguelu01"
"14","nolanji01"
"14","nolenpa01"
"14","nordgje01"
"14","nordmbe01"
"14","norlajo01"
"14","normaco01"
"14","normake01"
"14","norriau01"
"14","norrimo01"
"14","norrisy01"
"14","norveza01"
"14","norwowi01"
"14","nostrge01"
"14","noszkst01"
"14","novakmi01"
"14","novakst01"
"14","nowelja01"
"14","nowelme01"
"14","nowitdi01"
"14","ntilila01"
"14","nunnke01"
"14","nunnaja01"
"14","nurkiju01"
"14","nuttde01"
"14","nwabada01"
"14","nworajo01"
"14","nwosuju01"
"15","obannch01"
"15","obanned01"
"15","oboyljo01"
"15","obriebo01"
"15","obriejj01"
"15","obrieji02"
"15","obrieji01"
"15","obriera01"
"15","obryajo01"
"15","obryapa01"
"15","oconnde01"
"15","odonnan01"
"15","ogradbu01"
"15","ohanlfr01"
"15","okeefdi01"
"15","okeefto01"
"15","okoremi01"
"15","omallgr01"
"15","onealje01"
"15","onealsh01"
"15","onealro01"
"15","oneilmi01"
"15","oquinky01"
"15","osheake01"
"15","oshiega01"
"15","osullda01"
"15","oaklech01"
"15","obertfa01"
"15","ochefda01"
"15","odengr01"
"15","odomla01"
"15","ogdenbu01"
"15","ogdenra01"
"15","oggal01"
"15","ohldo01"
"15","ohlbrti01"
"15","ojelese01"
"15","okafoem01"
"15","okafoja01"
"15","okekech01"
"15","okoboel01"
"15","okogijo01"
"15","okongon01"
"15","okorois01"
"15","okpalkz01"
"15","okurme01"
"15","oladivi01"
"15","olajuha01"
"15","olberma01"
"15","oldhaja01"
"15","oldhajo01"
"15","oleynfr01"
"15","olivejo01"
"15","olivebr01"
"15","oliveca01"
"15","olivede01"
"15","oliveji01"
"15","ollieke01"
"15","ollrige01"
"15","olowomi01"
"15","olsenbu01"
"15","olynyke01"
"15","omorueu01"
"15","onimi01"
"15","onuakar01"
"15","onuakch01"
"15","ormsba01"
"15","orrjo01"
"15","orrlo01"
"15","ortizjo01"
"15","ortonda01"
"15","osborch01"
"15","osmande01"
"15","osterwa01"
"15","ostergr01"
"15","othicma01"
"15","ottendo01"
"15","ottenma01"
"15","oturuda01"
"15","oubreke01"
"15","outlabo01"
"15","outlatr01"
"15","overtcl01"
"15","overtdo01"
"15","owensan01"
"15","owensbi01"
"15","owensch01"
"15","owensed01"
"15","owensji01"
"15","owenske01"
"15","owensla01"
"15","owensre01"
"15","owensta01"
"15","owensto01"
"15","owesra01"
"15","oyedeol01"
"1","pacejo01"
"1","pachuza01"
"1","packro01"
"1","packwa01"
"1","paddige01"
"1","padgesc01"
"1","pagetda01"
"1","paigeja01"
"1","paigema01"
"1","painefr01"
"1","palacmi01"
"1","palazto01"
"1","palmebu01"
"1","palmeer01"
"1","palmeji01"
"1","palmetr01"
"1","palmewa01"
"1","pangoke01"
"1","pankoan01"
"1","papagge01"
"1","papanko01"
"1","pargoja01"
"1","pargoje01"
"1","parhaea01"
"1","parisro01"
"1","parkme01"
"1","parkean01"
"1","parkeja01"
"1","parkesm01"
"1","parkeso01"
"1","parketo01"
"1","parkhba01"
"1","parkija01"
"1","parksch01"
"1","parksch02"
"1","parksri01"
"1","parrja01"
"1","parrado01"
"1","parslch01"
"1","parsoch01"
"1","pascher01"
"1","pasecan01"
"1","paspaza01"
"1","passama01"
"1","pastuge01"
"1","patrimy01"
"1","patrist01"
"1","pattean01"
"1","pattege01"
"1","pattela01"
"1","pattepa01"
"1","patteru01"
"1","pattest01"
"1","patteto01"
"1","pattewo01"
"1","pattoju01"
"1","paulbr01"
"1","paulch01"
"1","paulkch01"
"1","paulsje01"
"1","paultbi01"
"1","pavloal01"
"1","paxsoji01"
"1","paxsoji02"
"1","paxsojo01"
"1","payakjo01"
"1","paynead01"
"1","payneca01"
"1","payneke01"
"1","payneto01"
"1","paytoel01"
"1","paytoga01"
"1","paytoga02"
"1","paytome01"
"1","pearcge01"
"1","pearche01"
"1","pecheol01"
"1","peckwi01"
"1","peekri01"
"1","peelean01"
"1","peeplge01"
"1","pekovni01"
"1","pelkija01"
"1","pelleno01"
"1","pellosa01"
"1","penbemi01"
"1","pendeje01"
"1","penigde01"
"1","penneki01"
"1","peplomi01"
"1","perduwi01"
"1","perkike01"
"1","perkisa01"
"1","perkiwa01"
"1","perovko01"
"1","perralo01"
"1","perryau01"
"1","perrycu01"
"1","perryel01"
"1","perryre01"
"1","perryro01"
"1","perryti01"
"1","persoch01"
"1","persowe01"
"1","peteral01"
"1","peterji01"
"1","peterlo01"
"1","peterbo01"
"1","petered01"
"1","peterme01"
"1","petermo01"
"1","petrige01"
"1","petrojo01"
"1","petrodr01"
"1","petruri01"
"1","pettibo01"
"1","pettwje01"
"1","pheglro01"
"1","phelaja01"
"1","phelaja02"
"1","phelpde01"
"1","phelpmi01"
"1","phillan01"
"1","philled01"
"1","phillga01"
"1","phillge01"
"1","phillbo01"
"1","piatker01"
"1","piatkwa01"
"1","pickeja01"
"1","piercpa01"
"1","piercri01"
"1","pietkst01"
"1","pietrmi01"
"1","pilchjo01"
"1","pincked01"
"1","pinknke01"
"1","pinonjo01"
"1","pinsoth01"
"1","piontda01"
"1","piotrto01"
"1","pippesc01"
"1","pippesc02"
"1","pittmch01"
"1","pittmde01"
"1","planizo01"
"1","pleisti01"
"1","plumlma02"
"1","plumlma01"
"1","plumlmi01"
"1","plummga01"
"1","podkopa01"
"1","poeltja01"
"1","poirivi01"
"1","pokusal01"
"1","poleedw01"
"1","pollaji01"
"1","pollasc01"
"1","polsora01"
"1","polynol01"
"1","pondecl01"
"1","pondequ01"
"1","pondssh01"
"1","ponsyv01"
"1","poolejo01"
"1","popeda01"
"1","popema01"
"1","popsoda01"
"1","poquebe01"
"1","portech01"
"1","porteho01"
"1","portejo01"
"1","porteke01"
"1","porteke02"
"1","portemi01"
"1","porteot01"
"1","portete01"
"1","portewi01"
"1","portibo01"
"1","portmbo01"
"1","porzikr01"
"1","poseyja01"
"1","postela01"
"1","postljo01"
"1","potapvi01"
"1","pottemi01"
"1","powele01"
"1","powelci01"
"1","poweldw01"
"1","poweljo01"
"1","powelka01"
"1","powelmy01"
"1","powelno01"
"1","powelro01"
"1","poythal01"
"1","praddma01"
"1","prattmi01"
"1","presspa01"
"1","pressph01"
"1","pressdo01"
"1","pressha01"
"1","prestja01"
"1","previst01"
"1","priceaj01"
"1","pricebr01"
"1","priceji01"
"1","pricema01"
"1","pricemi01"
"1","pricero01"
"1","priceto01"
"1","priddbo01"
"1","prigipa01"
"1","primojo01"
"1","princta02"
"1","princta01"
"1","pritcjo01"
"1","pritcke01"
"1","pritcpa01"
"1","profila01"
"1","pruitga01"
"1","przybjo01"
"1","pughle01"
"1","pughro01"
"1","pullaan01"
"1","pulleja01"
"1","purviro01"
"1","putnado01"
"2","qizh01"
"2","quartti01"
"2","queentr01"
"2","quetane01"
"2","quickbo01"
"2","quickim01"
"2","quinnch01"
"2","quinnbr01"
"2","quinole01"
"3","rabbiv01"
"3","rackllu01"
"3","radjadi01"
"3","raderho01"
"3","radfoma01"
"3","radfowa01"
"3","radmavl01"
"3","radojal01"
"3","radovfr01"
"3","radovmo01"
"3","radulmi01"
"3","radzira01"
"3","ragelra01"
"3","raikesh01"
"3","rainsed01"
"3","rakocig01"
"3","rambiku01"
"3","ramospe01"
"3","ramseca01"
"3","ramsefr01"
"3","ramseja01"
"3","ramsera01"
"3","randama01"
"3","randlch01"
"3","randlju01"
"3","randoan01"
"3","randosh01"
"3","randoza01"
"3","rankwa01"
"3","ranseke01"
"3","ranzisa01"
"3","rascobo01"
"3","rasmubl01"
"3","rathaxa01"
"3","ratkoge01"
"3","ratleed01"
"3","ratlimi01"
"3","ratlith01"
"3","rautian01"
"3","rautile01"
"3","rayal01"
"3","raycl01"
"3","raydo01"
"3","rayja01"
"3","rayji01"
"3","raylji01"
"3","raymocr01"
"3","reaco01"
"3","reaveau01"
"3","reavejo01"
"3","reavejo02"
"3","rebraze01"
"3","recasel01"
"3","reddmi01"
"3","reddica01"
"3","reddofr01"
"3","redicjj01"
"3","redmoma01"
"3","reedda01"
"3","reedhu01"
"3","reedju01"
"3","reedpa01"
"3","reedro01"
"3","reedwi02"
"3","reedwi01"
"3","reevebr01"
"3","reevekh01"
"3","reganri01"
"3","rehfedo01"
"3","reidbi01"
"3","reiddo01"
"3","reidjr01"
"3","reidji01"
"3","reidna01"
"3","reidro01"
"3","reidry01"
"3","reineja01"
"3","reisech01"
"3","rellfri01"
"3","renchte01"
"3","rennijo01"
"3","rensbro01"
"3","rentzef01"
"3","respesh01"
"3","restake01"
"3","reynoca01"
"3","reynoge01"
"3","reynoje01"
"3","rhineke01"
"3","rhodeja01"
"3","rhodege01"
"3","rhodero01"
"3","ricegl01"
"3","ricegl02"
"3","richach01"
"3","richani01"
"3","richacl01"
"3","richaja01"
"3","richaje01"
"3","richajo01"
"3","richama01"
"3","richami01"
"3","richano01"
"3","richapo01"
"3","richaqu01"
"3","richmmi01"
"3","richtjo01"
"3","rickedi01"
"3","rideris01"
"3","ridglja01"
"3","ridnolu01"
"3","riebeme01"
"3","riedybo01"
"3","riffeji01"
"3","rigauan01"
"3","rikerto01"
"3","rileybo01"
"3","rileyer01"
"3","rileypa01"
"3","rileyro01"
"3","rillegr01"
"3","rinalri01"
"3","riordmi01"
"3","risenar01"
"3","rittete01"
"3","rivasra01"
"3","riverau01"
"3","riverda01"
"3","riverdo01"
"3","robbile01"
"3","robbire01"
"3","roberan03"
"3","roberan02"
"3","roberri01"
"3","roberte01"
"3","roberan01"
"3","roberbi01"
"3","roberbr01"
"3","roberfr01"
"3","roberjo01"
"3","roberla01"
"3","roberma01"
"3","roberst01"
"3","roberal01"
"3","roberos01"
"3","roberry01"
"3","roberto01"
"3","robeyri01"
"3","robinbe01"
"3","robinch01"
"3","robincl01"
"3","robincl02"
"3","robinda01"
"3","robinde01"
"3","robindu01"
"3","robined01"
"3","robinfl01"
"3","robingl01"
"3","robingl02"
"3","robinja01"
"3","robinja03"
"3","robinja02"
"3","robinje01"
"3","robinju01"
"3","robinla01"
"3","robinmi01"
"3","robinna01"
"3","robinol01"
"3","robinor01"
"3","robinro01"
"3","robinru01"
"3","robinsa01"
"3","robinth01"
"3","robintr01"
"3","robinwa01"
"3","robinwi01"
"3","robinje02"
"3","robinbi01"
"3","robisda01"
"3","robyis01"
"3","rochare01"
"3","rochejo01"
"3","rockge01"
"3","rockeja01"
"3","roddyda01"
"3","rodgegu01"
"3","rodmade01"
"3","rodrise01"
"3","roelo01"
"3","rogerca01"
"3","rogerha01"
"3","rogerjo01"
"3","rogerma01"
"3","rogerro01"
"3","rogerro02"
"3","rogerwi01"
"3","rogesal01"
"3","rohloke01"
"3","rollike01"
"3","rolliph01"
"3","rolliry01"
"3","rollitr01"
"3","romarlo01"
"3","rondora01"
"3","rookje01"
"3","rooksse01"
"3","rosede01"
"3","roseja01"
"3","rosema01"
"3","rosero01"
"3","rosenpe01"
"3","rosenle01"
"3","rosenha01"
"3","rosendi01"
"3","rossqu01"
"3","rosste01"
"3","rothdo01"
"3","rothsc01"
"3","rotheir01"
"3","rottnmi01"
"3","roundda01"
"3","rouxgi01"
"3","rowanro01"
"3","rowecu01"
"3","rowinji01"
"3","rowlade01"
"3","rowsobr01"
"3","roybr01"
"3","royaldo01"
"3","royalre01"
"3","royerbo01"
"3","roziecl01"
"3","roziete01"
"3","rubiori01"
"3","ruckegu01"
"3","ruddde01"
"3","ruddjo01"
"3","rudezda01"
"3","rudomjo01"
"3","ruffimi01"
"3","ruffitr01"
"3","ruffnpa01"
"3","ruklijo01"
"3","rulanje01"
"3","rulebo01"
"3","rulloje01"
"3","ruscost01"
"3","rushbr01"
"3","rushka01"
"3","russebi01"
"3","russebr01"
"3","russeca02"
"3","russeca01"
"3","russeda01"
"3","russefr01"
"3","russepi01"
"3","russeru01"
"3","russewa01"
"3","russewa02"
"3","ryanma01"
"4","sabonar01"
"4","sabondo01"
"4","sacrero01"
"4","sadowed01"
"4","sailoke01"
"4","sallejo01"
"4","salmojo01"
"4","salvaal01"
"4","salvake01"
"4","samakso01"
"4","samanlu01"
"4","sambch01"
"4","sampsbr01"
"4","sampsja02"
"4","sampsja01"
"4","sampsra01"
"4","samuesa01"
"4","sanchpe01"
"4","sandeal01"
"4","sandefr01"
"4","sandeje01"
"4","sandela01"
"4","sandeme01"
"4","sandemi01"
"4","sandeto01"
"4","sanforo01"
"4","santida01"
"4","santibo01"
"4","sapplwa01"
"4","saricda01"
"4","sarrol01"
"4","sasseja01"
"4","sasseje01"
"4","satorto01"
"4","satteke01"
"4","saulpe01"
"4","sauldwo01"
"4","saultgl01"
"4","saundfr01"
"4","savagdo01"
"4","savovpr01"
"4","sawyeal01"
"4","scalabr01"
"4","scaleal01"
"4","scalede01"
"4","schadfr01"
"4","schadbe01"
"4","schaehe01"
"4","schaebi01"
"4","schafbo01"
"4","schakjo01"
"4","scharbe01"
"4","schatma01"
"4","schaufr01"
"4","schayda01"
"4","schaydo01"
"4","schecos01"
"4","schefst01"
"4","schefto01"
"4","schelda01"
"4","schenlu01"
"4","scherhe01"
"4","schindw01"
"4","schluda01"
"4","schneot01"
"4","schnidi01"
"4","schoeru01"
"4","schofad01"
"4","scholda01"
"4","schoomi01"
"4","schrede01"
"4","schrode01"
"4","schulho01"
"4","schuldi01"
"4","schurro01"
"4","schwejo01"
"4","scolalu01"
"4","scolafr01"
"4","scottal01"
"4","scottbr01"
"4","scottby01"
"4","scottch01"
"4","scottde01"
"4","scottja01"
"4","scottmi01"
"4","scottra01"
"4","scottsh01"
"4","scotttr01"
"4","scottwi01"
"4","scranpa01"
"4","scrubja01"
"4","scurrca01"
"4","seabrde01"
"4","sealsbr01"
"4","sealssh01"
"4","sealyma01"
"4","searced01"
"4","searske01"
"4","seewa01"
"4","sefolth01"
"4","seikaro01"
"4","selbogl01"
"4","selbyjo01"
"4","seldewa01"
"4","sellebr01"
"4","selleph01"
"4","seltzro01"
"4","selvale01"
"4","selvyfr01"
"4","seminji01"
"4","senesa01"
"4","senesge01"
"4","sengual01"
"4","serapke01"
"4","sesayan01"
"4","sessira01"
"4","seungha01"
"4","sewelto01"
"4","sextoco01"
"4","seymopa01"
"4","shabani01"
"4","shackly01"
"4","shackch01"
"4","shaefca01"
"4","shaffle01"
"4","shakumu01"
"4","shamela01"
"4","shammgo01"
"4","shannea01"
"4","shannho01"
"4","sharech01"
"4","sharmbi01"
"4","sharpda01"
"4","sharpsh01"
"4","sharpwa01"
"4","shaskjo01"
"4","shavlro01"
"4","shawbr01"
"4","shawca01"
"4","shayoma01"
"4","sheabo01"
"4","shefffr01"
"4","sheltcr01"
"4","sheltlo01"
"4","shengto01"
"4","shephbi01"
"4","sheppje01"
"4","sheppst01"
"4","sheroed01"
"4","shippch01"
"4","shirlpa01"
"4","shortge01"
"4","shortpu01"
"4","shousde01"
"4","shriddi01"
"4","shuege01"
"4","shumajo01"
"4","shumpim01"
"4","shvedal01"
"4","siakapa01"
"4","siberjo01"
"4","sibersa01"
"4","siblema01"
"4","sichtje01"
"4","sidledo01"
"4","siegfla01"
"4","siewera01"
"4","sikmaja01"
"4","silasja01"
"4","silaspa01"
"4","silasxa01"
"4","silerga01"
"4","sillimi01"
"4","silvach01"
"4","simiewa01"
"4","simmobe01"
"4","simmobo01"
"4","simmoce01"
"4","simmoco01"
"4","simmogr01"
"4","simmojo01"
"4","simmojo02"
"4","simmoko01"
"4","simmoli01"
"4","simonmi01"
"4","simonwa01"
"4","simonma01"
"4","simonan01"
"4","simpkdi01"
"4","simpsra01"
"4","simpsza01"
"4","simsal01"
"4","simsbo01"
"4","simsco01"
"4","simsdo01"
"4","simshe01"
"4","simsje01"
"4","simssc01"
"4","singlky01"
"4","singlse01"
"4","singlch01"
"4","singlja01"
"4","singlmc01"
"4","sinicze01"
"4","sirvyde01"
"4","sittoch01"
"4","sivape01"
"4","skilesc01"
"4","skinnal01"
"4","skinnbr01"
"4","skinnta01"
"4","skoogwh01"
"4","sladeje01"
"4","slatere01"
"4","slaugji01"
"4","slaugjo01"
"4","slayta01"
"4","sloando01"
"4","sloanje01"
"4","slokaur01"
"4","slubyto01"
"4","smailal01"
"4","smartja01"
"4","smartke01"
"4","smartma01"
"4","smawlbe01"
"4","smileja01"
"4","smithad01"
"4","smithal01"
"4","smithbi01"
"4","smithbi02"
"4","smithbo01"
"4","smithch01"
"4","smithch02"
"4","smithch04"
"4","smithch03"
"4","smithch05"
"4","smithcl01"
"4","smithcr01"
"4","smithde01"
"4","smithde03"
"4","smithde02"
"4","smithdo01"
"4","smithdo02"
"4","smithdo04"
"4","smithdo03"
"4","smithdr01"
"4","smithed01"
"4","smithel01"
"4","smithga01"
"4","smithgr01"
"4","smithgr02"
"4","smithis01"
"4","smithjr01"
"4","smithja01"
"4","smithja05"
"4","smithja04"
"4","smithja02"
"4","smithje01"
"4","smithji01"
"4","smithjo02"
"4","smithjo01"
"4","smithjo03"
"4","smithke03"
"4","smithke02"
"4","smithke01"
"4","smithla02"
"4","smithla01"
"4","smithle01"
"4","smithmi01"
"4","smithmi02"
"4","smithmi03"
"4","smithno01"
"4","smithot01"
"4","smithpe01"
"4","smithph01"
"4","smithra01"
"4","smithre01"
"4","smithro01"
"4","smithru01"
"4","smithsa01"
"4","smithsa02"
"4","smithst01"
"4","smithst03"
"4","smithst02"
"4","smithth01"
"4","smithto02"
"4","smithwi01"
"4","smithwi02"
"4","smithzh01"
"4","smitsri01"
"4","smrekmi01"
"4","smythjo01"
"4","sneedxa01"
"4","snellto01"
"4","snower01"
"4","snydedi01"
"4","snydeki01"
"4","sobekch01"
"4","soberri01"
"4","sobiero01"
"4","sochaje01"
"4","sojoumi01"
"4","sojouwi01"
"4","solomwi01"
"4","somerwi01"
"4","songada01"
"4","sorenda01"
"4","southja01"
"4","sovragi01"
"4","sowpa01"
"4","spainke01"
"4","spaldra01"
"4","spanaji01"
"4","spanova01"
"4","sparkda01"
"4","sparrgu01"
"4","sparrro01"
"4","spearod01"
"4","spectar01"
"4","speigma01"
"4","spellom01"
"4","spencan01"
"4","spencel01"
"4","spencfe01"
"4","spicelo01"
"4","spitzcr01"
"4","splitti01"
"4","spoelar01"
"4","spragbr01"
"4","sprewla01"
"4","sprigla01"
"4","sprinja01"
"4","sprinji01"
"4","spruiji01"
"4","stackry01"
"4","stackje01"
"4","stacoke01"
"4","stagger01"
"4","stallbu01"
"4","stallda01"
"4","stanced01"
"4","stanlca01"
"4","stanste01"
"4","starkjo01"
"4","starrke01"
"4","stausni01"
"4","stavela01"
"4","steella01"
"4","steigma01"
"4","stepavl01"
"4","stephdj01"
"4","stephev01"
"4","stephja01"
"4","stephjo01"
"4","stephla01"
"4","stephal01"
"4","steppbr01"
"4","steveba01"
"4","stevela01"
"4","stevewa01"
"4","stevede01"
"4","stewade01"
"4","stewais01"
"4","stewake01"
"4","stewala01"
"4","stewami01"
"4","stewano01"
"4","stiemgr01"
"4","stipast01"
"4","stithbr01"
"4","stithsa01"
"4","stithto01"
"4","stivral01"
"4","stockda01"
"4","stockjo01"
"4","stojape01"
"4","stokeed01"
"4","stokegr01"
"4","stokeja01"
"4","stokema01"
"4","stolkar01"
"4","stollra01"
"4","stonedi01"
"4","stonege01"
"4","stoneju01"
"4","storeaw01"
"4","stoudda01"
"4","stoudsa01"
"4","stoudam01"
"4","stovapa01"
"4","strawdj01"
"4","strawjo01"
"4","stricbi01"
"4","stricer01"
"4","stricma01"
"4","stricro02"
"4","stricro01"
"4","stroejo01"
"4","stronde01"
"4","strotla01"
"4","stroujo01"
"4","stroure01"
"4","strusma01"
"4","stuckro01"
"4","stumpge01"
"4","stutzst01"
"4","suggsja01"
"4","suitega01"
"4","sullija01"
"4","summeda01"
"4","sumneed01"
"4","sumptba01"
"4","sundedo01"
"4","sundobr01"
"4","sundvjo01"
"4","surabo01"
"4","surhodi01"
"4","sutorge01"
"4","suttlda01"
"4","suttogr01"
"4","swageke01"
"4","swainbe01"
"4","swanica01"
"4","swansno01"
"4","swartda01"
"4","sweetmi01"
"4","swideco01"
"4","swiftro01"
"4","swiftsk01"
"4","swiftst01"
"4","swinsaa01"
"4","swordcr01"
"4","sypa01"
"4","sydnobu01"
"4","sykeske01"
"4","sykesla01"
"4","szabobr01"
"4","szczewa02"
"4","szczewa01"
"5","tabakza01"
"5","tabusyu01"
"5","taftch01"
"5","tanensi01"
"5","tarladr01"
"5","tarplro01"
"5","tartle01"
"5","tateja01"
"5","tatumea01"
"5","tatumja01"
"5","tavarwa01"
"5","tayloan01"
"5","taylobr01"
"5","taylodo01"
"5","taylofa01"
"5","taylofr01"
"5","taylois01"
"5","tayloja01"
"5","tayloje01"
"5","tayloje03"
"5","tayloje02"
"5","taylojo01"
"5","taylole01"
"5","tayloma01"
"5","taylomi01"
"5","taylool01"
"5","tayloro01"
"5","taylote01"
"5","tayloty01"
"5","taylovi01"
"5","teaglte01"
"5","teaguje01"
"5","teaguma01"
"5","teletmi01"
"5","telfase01"
"5","templco01"
"5","templga01"
"5","teodomi01"
"5","terreir01"
"5","terreja01"
"5","terryca01"
"5","terrych01"
"5","terrycl01"
"5","terryda01"
"5","terryem01"
"5","terryja01"
"5","terryty01"
"5","teskejo01"
"5","thabeha01"
"5","thackto01"
"5","thearfl01"
"5","theisda01"
"5","theusre01"
"5","thibepe01"
"5","thiebbi01"
"5","thigpju01"
"5","thirdda01"
"5","thomaad01"
"5","thomabi01"
"5","thomabr01"
"5","thomaca02"
"5","thomaca01"
"5","thomach01"
"5","thomaet01"
"5","thomair01"
"5","thomais02"
"5","thomais01"
"5","thomaja01"
"5","thomaja02"
"5","thomaji01"
"5","thomajo01"
"5","thomajo02"
"5","thomake01"
"5","thomakh01"
"5","thomaku01"
"5","thomala01"
"5","thomama01"
"5","thomama02"
"5","thomaro01"
"5","thomate01"
"5","thomati01"
"5","thomaty01"
"5","thomawi01"
"5","thomptr02"
"5","thompbe01"
"5","thompbi01"
"5","thompbr01"
"5","thompco01"
"5","thompda01"
"5","thompdi01"
"5","thompge01"
"5","thompho01"
"5","thompja01"
"5","thompja02"
"5","thompjo01"
"5","thompke01"
"5","thompkl01"
"5","thompla01"
"5","thompmy01"
"5","thompmy02"
"5","thomppa01"
"5","thompst01"
"5","thomptr01"
"5","thorjt01"
"5","thoresk01"
"5","thornro01"
"5","thornal01"
"5","thornbo01"
"5","thornda01"
"5","thornma01"
"5","thornsi01"
"5","thorpot01"
"5","threase01"
"5","thurmna01"
"5","thursme01"
"5","thybuma01"
"5","tidriha01"
"5","tiemada01"
"5","tilliki02"
"5","tillida01"
"5","tillmxa01"
"5","tinglja01"
"5","tinslge01"
"5","tinslja01"
"5","tisdawa01"
"5","tobeymi01"
"5","toddis01"
"5","todormi01"
"5","tolbera01"
"5","tolbeto01"
"5","tollian01"
"5","tolsode01"
"5","tomjaru01"
"5","toneyan01"
"5","toneyse01"
"5","tonkoan01"
"5","toolsan01"
"5","toomaja01"
"5","toonebe01"
"5","toppiob01"
"5","torgoir01"
"5","tormobu01"
"5","torreos01"
"5","toscaju01"
"5","toshebi01"
"5","toughbo01"
"5","toupaax01"
"5","towemo01"
"5","towerke01"
"5","towerbl01"
"5","towneli01"
"5","townska01"
"5","townsra01"
"5","trappge01"
"5","trappjo01"
"5","traylro01"
"5","trentga01"
"5","trentga02"
"5","trepaje01"
"5","tresvjo01"
"5","trieral01"
"5","triptdi01"
"5","tripuke01"
"5","truitan01"
"5","trybace01"
"5","tsakaja01"
"5","tschojo01"
"5","tsiorlo01"
"5","tskitni01"
"5","tuckeal01"
"5","tuckeal02"
"5","tuckean01"
"5","tuckeji01"
"5","tuckepj01"
"5","tuckera01"
"5","tucketr01"
"5","turiaro01"
"5","turkcmi01"
"5","turkohe01"
"5","turnean01"
"5","turnebi01"
"5","turneel01"
"5","turneev01"
"5","turnega01"
"5","turnehe02"
"5","turnehe01"
"5","turneja01"
"5","turneja02"
"5","turneje01"
"5","turnejo01"
"5","turnemy01"
"5","turnewa01"
"5","turpime01"
"5","twardda01"
"5","twymaja01"
"5","tylerbj01"
"5","tylerje01"
"5","tylerte01"
"5","tyrach01"
"6","ubileed01"
"6","udohek01"
"6","udokaim01"
"6","udrihbe01"
"6","ukicro01"
"6","ulisty01"
"6","umudest01"
"6","unselwe01"
"6","uplinha01"
"6","upshake01"
"6","uthofja01"
"6","uzohbe01"
"7","vacenst01"
"7","valanjo01"
"7","valenda01"
"7","valende01"
"7","valenro01"
"7","vallejo01"
"7","vanardi01"
"7","vanarto01"
"7","vanexni01"
"7","vanhoke01"
"7","vanlino01"
"7","vanzade01"
"7","vanvlfr01"
"7","vancege01"
"7","vandelo01"
"7","vandeja01"
"7","vandeer01"
"7","vandeki01"
"7","vanosni01"
"7","vanteda01"
"7","vardara01"
"7","varejan01"
"7","varnaja01"
"7","vasqugr01"
"7","vassede01"
"7","vaughch01"
"7","vaughda01"
"7","vaughda02"
"7","vaughja01"
"7","vaughra01"
"7","vaughvi01"
"7","vaughlo01"
"7","vergabo01"
"7","verhope01"
"7","veselja01"
"7","vetragu01"
"7","viannjo01"
"7","villach01"
"7","vincega01"
"7","vinceja01"
"7","vincesa01"
"7","vincima01"
"7","vinsofr01"
"7","virdecl01"
"7","vocega01"
"7","volkefl01"
"7","volkoal01"
"7","vonniwh01"
"7","vonleno01"
"7","voskuja01"
"7","vraneda01"
"7","vranesl01"
"7","vrankst01"
"7","vromabr01"
"7","vromaja01"
"7","vucevni01"
"7","vujacsa01"
"7","vanbrbu01"
"7","vanbrja01"
"8","wadede01"
"8","wadedw01"
"8","wadema01"
"8","wafervo01"
"8","wagercl01"
"8","wagneda02"
"8","wagneda01"
"8","wagnefr01"
"8","wagnemi01"
"8","wagnemo01"
"8","wagneph01"
"8","wainris01"
"8","waitedi01"
"8","waitegr01"
"8","wakefan01"
"8","walkne01"
"8","walkean01"
"8","walkean02"
"8","walkebr01"
"8","walkech01"
"8","walkeda01"
"8","walkefo01"
"8","walkebi01"
"8","walkeho01"
"8","walkeja01"
"8","walkeji01"
"8","walkeke02"
"8","walkeke01"
"8","walkelo01"
"8","walkemj01"
"8","walkeph01"
"8","walkesa01"
"8","walkewa01"
"8","walljo01"
"8","wallabe01"
"8","wallage01"
"8","wallajo01"
"8","wallara01"
"8","wallare01"
"8","wallaty01"
"8","walledw01"
"8","walleja01"
"8","walshji01"
"8","walshma01"
"8","waltere01"
"8","walthpa01"
"8","walthis01"
"8","waltobi01"
"8","waltode01"
"8","waltoll01"
"8","waltolu01"
"8","wanambr01"
"8","wanzebo01"
"8","warbipe01"
"8","wardch01"
"8","wardge01"
"8","wardhe01"
"8","wareca01"
"8","wareji01"
"8","warlebe01"
"8","warlibo01"
"8","warneco01"
"8","warneja01"
"8","warrebo01"
"8","warrejo01"
"8","warretj01"
"8","warrewi01"
"8","warribr01"
"8","warriha01"
"8","washbch01"
"8","washbju01"
"8","washibo01"
"8","washida01"
"8","washido01"
"8","washidu01"
"8","washidu02"
"8","washier01"
"8","washiji01"
"8","washike01"
"8","washipj01"
"8","washipe01"
"8","washiri01"
"8","washist01"
"8","washitr01"
"8","washity02"
"8","washiwi01"
"8","watanyu01"
"8","waterli01"
"8","watertr01"
"8","watfotr01"
"8","watkida01"
"8","watsobo01"
"8","watsocj01"
"8","watsoea01"
"8","watsoja01"
"8","watsopa01"
"8","watsope01"
"8","wattsro01"
"8","wattssa01"
"8","wattssl01"
"8","waynsma01"
"8","wearda01"
"8","weartr01"
"8","weathcl01"
"8","weathni01"
"8","weathqu01"
"8","weaveky01"
"8","webbja01"
"8","webbje01"
"8","webbma01"
"8","webbsp01"
"8","webbech01"
"8","weberbr01"
"8","weberja01"
"8","webstel01"
"8","webstje01"
"8","webstma02"
"8","webstma01"
"8","wedmasc01"
"8","weemsso01"
"8","wehrdi01"
"8","weidnbr01"
"8","weissbo01"
"8","weitzri01"
"8","wellsbo01"
"8","wellsbu01"
"8","wellsow01"
"8","wellsra01"
"8","welpch01"
"8","welscji01"
"8","welshth01"
"8","wennibi01"
"8","wenstma01"
"8","werdaro01"
"8","wertira01"
"8","weslebl01"
"8","wesleda01"
"8","weslewa01"
"8","westda01"
"8","westde01"
"8","westdo01"
"8","westje01"
"8","westma02"
"8","westma01"
"8","westro01"
"8","westbde01"
"8","westbru01"
"8","westppa01"
"8","wetzejo01"
"8","whalero01"
"8","whatlen01"
"8","wheatde01"
"8","wheelcl01"
"8","wheelty01"
"8","whitask01"
"8","whitean01"
"8","whiteco01"
"8","whitedj01"
"8","whitede01"
"8","whiteer01"
"8","whitehe01"
"8","whitehu01"
"8","whiteja03"
"8","whiteja01"
"8","whiteja02"
"8","whitejo01"
"8","whiteok01"
"8","whitera01"
"8","whitero02"
"8","whitero01"
"8","whitero03"
"8","whiteru01"
"8","whiteto01"
"8","whitewi01"
"8","whiteis01"
"8","whiteje01"
"8","whitedo01"
"8","whiteha01"
"8","whitfdw01"
"8","whitnch01"
"8","whitnha01"
"8","whitnha02"
"8","whittgr01"
"8","whittsh01"
"8","wickssi01"
"8","widbyro01"
"8","wiermu01"
"8","wiesebo01"
"8","wieskjo01"
"8","wiggiaa01"
"8","wiggian01"
"8","wiggimi01"
"8","wiggili01"
"8","wilbuke01"
"8","wilcocj01"
"8","wilcoch01"
"8","wilcudc01"
"8","wileyge01"
"8","wileyja01"
"8","wileymi01"
"8","wileymo01"
"8","wilfowi01"
"8","wilkele01"
"8","wilkebo01"
"8","wilkeja01"
"8","wilkeja02"
"8","wilkida02"
"8","wilkido01"
"8","wilkied01"
"8","wilkige01"
"8","wilkije01"
"8","wilkida01"
"8","wilksmi01"
"8","williaa01"
"8","willial01"
"8","willial03"
"8","willial06"
"8","willial02"
"8","williar01"
"8","willibe01"
"8","willibo01"
"8","willibr01"
"8","willibr03"
"8","willibu01"
"8","willicj01"
"8","willich01"
"8","willich02"
"8","willich03"
"8","willicl01"
"8","willico01"
"8","willide01"
"8","willide02"
"8","willido02"
"8","willidu01"
"8","williea01"
"8","williel01"
"8","willier01"
"8","willifl01"
"8","willifr02"
"8","willifr01"
"8","willige01"
"8","willigr01"
"8","willigu01"
"8","willigu02"
"8","williha01"
"8","willihe01"
"8","williho01"
"8","willija06"
"8","willija02"
"8","willija04"
"8","willija03"
"8","willija07"
"8","willija01"
"8","willije02"
"8","willije01"
"8","willijo02"
"8","willijo04"
"8","willijo03"
"8","williju01"
"8","willike03"
"8","willike04"
"8","willike01"
"8","willilo01"
"8","willilo02"
"8","willima03"
"8","willima04"
"8","willima07"
"8","willima02"
"8","willima05"
"8","willimi02"
"8","willimi03"
"8","willimi01"
"8","willima01"
"8","willimo01"
"8","willina01"
"8","willipa01"
"8","willipe01"
"8","willira01"
"8","willire01"
"8","willire02"
"8","williri01"
"8","williro02"
"8","williro04"
"8","williro01"
"8","willisa01"
"8","willisa02"
"8","willisc01"
"8","willise01"
"8","willish01"
"8","willish03"
"8","willish02"
"8","willisl01"
"8","willite01"
"8","willitr01"
"8","willitr02"
"8","willivi01"
"8","williwa02"
"8","williwa01"
"8","williwi01"
"8","willizi02"
"8","willini01"
"8","willico02"
"8","willijo01"
"8","willizi01"
"8","williva01"
"8","willike02"
"8","willobi01"
"8","willode01"
"8","wilsobo01"
"8","wilsobo02"
"8","wilsobo03"
"8","wilsobu01"
"8","wilsodj01"
"8","wilsoge01"
"8","wilsois01"
"8","wilsoja02"
"8","wilsoja01"
"8","wilsoji01"
"8","wilsomi01"
"8","wilsoni01"
"8","wilsoot01"
"8","wilsori01"
"8","wilsori02"
"8","wilsost01"
"8","wilsotr01"
"8","wiltjky01"
"8","winchke01"
"8","windito01"
"8","windldy01"
"8","windsjo01"
"8","winfile01"
"8","wingada01"
"8","wingfdo01"
"8","wingoha01"
"8","winklma01"
"8","winslju01"
"8","winslri01"
"8","winstca01"
"8","wintetr01"
"8","wintebr01"
"8","wintevo01"
"8","wisesk01"
"8","wisewi01"
"8","wisemja01"
"8","witheje01"
"8","wittelu01"
"8","wittmgr01"
"8","wittmra01"
"8","wittsga01"
"8","wohlda01"
"8","wolfjo01"
"8","wolkoru01"
"8","woltena01"
"8","woodal01"
"8","woodbo01"
"8","woodch01"
"8","woodda01"
"8","woodho01"
"8","woodle01"
"8","woodaro01"
"8","woodslo01"
"8","woodsqy01"
"8","woodsra01"
"8","woodsto01"
"8","woodsmi01"
"8","woollbo01"
"8","woolror01"
"8","workmha01"
"8","workmma01"
"8","workmto01"
"8","artesro01"
"8","worslwi01"
"8","worthsa01"
"8","worthja01"
"8","wrighan01"
"8","wrighbr02"
"8","wrighbr01"
"8","wrighbr03"
"8","wrighch01"
"8","wrighch02"
"8","wrighde01"
"8","wrighdo01"
"8","wrighho02"
"8","wrighho01"
"8","wrighjo01"
"8","wrighju01"
"8","wrighla01"
"8","wrighle01"
"8","wrighlo01"
"8","wrighlo02"
"8","wrighlu01"
"8","wrighmc01"
"8","wrighmo01"
"8","wrighsh01"
"8","wrighju02"
"8","wroteto01"
"8","wuycide01"
"8","wyndeaj01"
"10","yabusgu01"
"10","yarbrvi01"
"10","yardlge01"
"10","yatesba01"
"10","yateswa01"
"10","yelvech01"
"10","yonakri01"
"10","yorkga01"
"10","youngda01"
"10","youngja01"
"10","youngjo01"
"10","youngko01"
"10","youngmi01"
"10","youngni01"
"10","youngpe01"
"10","youngsa01"
"10","youngth01"
"10","youngti01"
"10","youngtr01"
"10","yuesu01"
"10","yurtsom01"
"11","zasloma01"
"11","zawolze01"
"11","zelleco01"
"11","zelleda01"
"11","zellega01"
"11","zelleha01"
"11","zellelu01"
"11","zellety01"
"11","zenoto01"
"11","zevenph01"
"11","zhizhwa01"
"11","zidekge01"
"11","zimmede01"
"11","zimmest01"
"11","zipsepa01"
"11","zizican01"
"11","zoetji01"
"11","zopfbi01"
"11","zubaciv01"
"11","zunicma01"
